week,country,sales_units_k,revenue_eur_k,price_eur,promo_share,distribution,competitor_spend_k,consumer_confidence,temperature_c,xmas,easter,valentine,spend_tv_k,spend_online_video_k,spend_paid_search_k,spend_paid_social_k,spend_ooh_k
2023-01-02,AT,122.456,385.578,3.149,0.041,0.673,36.38,3.3,-0.2,0,0,0,4.78,10.82,4.9,13.47,1.24
2023-01-09,AT,145.009,452.819,3.123,0.26,0.68,33.54,3.48,-1.7,0,0,0,6.81,11.62,6.7,8.74,1.4
2023-01-16,AT,127.598,391.99,3.072,0.129,0.702,45.36,3.86,-3.0,0,0,0,3.19,7.46,5.82,9.36,1.22
2023-01-23,AT,138.788,429.579,3.095,0.151,0.69,75.05,3.44,0.6,0,0,0,9.97,14.75,12.18,6.27,0.56
2023-01-30,AT,124.098,385.167,3.104,0.176,0.722,75.58,3.21,-2.5,0,0,0,7.53,6.83,5.76,7.5,1.31
2023-02-06,AT,138.047,420.228,3.044,0.274,0.705,61.76,4.13,0.2,0,0,1,5.34,4.88,7.97,11.31,1.0
2023-02-13,AT,128.798,399.866,3.105,0.129,0.721,41.24,2.77,-1.0,0,0,1,5.19,14.7,7.62,10.17,1.25
2023-02-20,AT,124.553,390.585,3.136,0.207,0.712,65.61,2.23,2.3,0,0,0,6.29,7.54,4.42,7.2,0.99
2023-02-27,AT,130.3,399.243,3.064,0.239,0.715,48.07,1.16,1.4,0,0,0,5.02,8.69,4.12,7.54,1.59
2023-03-06,AT,153.055,441.203,2.883,0.417,0.684,60.85,1.33,2.4,0,0,0,4.96,16.36,5.32,7.87,1.21
2023-03-13,AT,110.873,353.37,3.187,0.154,0.696,96.86,3.5,0.8,0,0,0,6.71,12.11,7.64,5.15,1.53
2023-03-20,AT,109.923,350.912,3.192,0.194,0.67,46.81,2.51,5.3,0,1,0,6.05,9.87,4.82,6.53,1.52
2023-03-27,AT,122.027,376.173,3.083,0.201,0.695,33.08,3.5,5.0,0,1,0,31.93,11.18,4.55,5.66,0.92
2023-04-03,AT,103.287,333.907,3.233,0.103,0.701,87.76,4.63,5.4,0,1,0,30.69,5.79,2.01,0.0,1.45
2023-04-10,AT,127.944,388.871,3.039,0.285,0.719,46.91,2.92,9.0,0,0,0,32.39,9.44,4.69,6.74,1.14
2023-04-17,AT,121.451,366.41,3.017,0.292,0.691,46.36,1.85,11.2,0,0,0,23.91,10.39,5.83,5.91,0.71
2023-04-24,AT,115.263,364.985,3.167,0.04,0.75,29.77,1.83,13.9,0,0,0,24.94,8.92,5.93,3.62,0.95
2023-05-01,AT,117.847,372.917,3.164,0.255,0.74,60.63,1.04,12.2,0,0,0,33.75,6.2,5.74,4.45,0.99
2023-05-08,AT,116.372,364.762,3.134,0.287,0.696,66.18,1.26,13.4,0,0,0,25.84,1.75,4.28,5.55,1.46
2023-05-15,AT,103.051,330.733,3.209,0.11,0.681,51.86,2.36,12.2,0,0,0,16.25,7.68,4.32,2.03,0.81
2023-05-22,AT,95.559,300.062,3.14,0.093,0.687,66.42,2.92,13.8,0,0,0,21.62,6.41,6.1,5.81,1.53
2023-05-29,AT,112.851,359.286,3.184,0.169,0.726,42.29,2.76,18.4,0,0,0,31.23,5.27,4.23,5.83,1.13
2023-06-05,AT,132.794,380.459,2.865,0.573,0.696,71.1,3.22,16.1,0,0,0,22.17,7.66,1.92,6.48,0.4
2023-06-12,AT,120.718,365.224,3.025,0.431,0.716,59.55,3.5,21.4,0,0,0,3.31,6.2,5.96,4.06,0.56
2023-06-19,AT,91.219,288.052,3.158,0.115,0.734,79.74,2.48,16.0,0,0,0,4.21,5.87,2.77,2.94,6.37
2023-06-26,AT,110.332,334.404,3.031,0.336,0.731,28.3,2.0,18.8,0,0,0,6.14,3.15,6.31,5.84,3.01
2023-07-03,AT,92.69,292.698,3.158,0.124,0.739,31.98,2.38,19.1,0,0,0,2.45,3.09,6.87,2.83,5.76
2023-07-10,AT,106.047,313.894,2.96,0.348,0.7,60.66,2.32,18.5,0,0,0,4.97,5.8,4.89,5.46,7.79
2023-07-17,AT,99.038,297.283,3.002,0.303,0.74,52.07,2.58,19.3,0,0,0,2.02,5.26,5.17,3.59,4.39
2023-07-24,AT,99.531,307.159,3.086,0.288,0.742,35.47,3.29,19.6,0,0,0,3.4,5.54,7.43,3.29,8.11
2023-07-31,AT,100.042,306.713,3.066,0.253,0.748,48.42,1.36,20.1,0,0,0,2.22,5.87,2.76,5.45,8.24
2023-08-07,AT,100.522,323.36,3.217,0.151,0.746,62.81,2.54,19.3,0,0,0,5.68,6.79,4.72,7.74,5.39
2023-08-14,AT,112.654,350.134,3.108,0.365,0.705,67.65,1.02,21.1,0,0,0,5.05,6.36,5.01,5.28,5.79
2023-08-21,AT,114.963,342.638,2.98,0.373,0.683,52.65,1.03,23.5,0,0,0,39.75,7.07,3.5,5.46,6.63
2023-08-28,AT,115.012,361.94,3.147,0.091,0.74,50.56,1.15,19.3,0,0,0,20.7,7.76,10.5,3.5,7.7
2023-09-04,AT,135.253,417.311,3.085,0.308,0.766,57.17,1.03,17.8,0,0,0,37.65,10.34,4.46,8.9,4.01
2023-09-11,AT,122.66,395.258,3.222,0.25,0.719,49.38,1.18,14.2,0,0,0,25.79,6.53,4.43,7.15,1.03
2023-09-18,AT,139.922,425.791,3.043,0.339,0.72,89.58,0.73,14.1,0,0,0,27.36,10.72,6.54,6.6,0.63
2023-09-25,AT,127.873,419.179,3.278,0.047,0.74,44.73,0.15,10.7,0,0,0,5.95,10.55,8.85,11.91,1.03
2023-10-02,AT,138.399,426.787,3.084,0.207,0.759,51.44,0.06,13.9,0,0,0,6.98,9.06,5.16,4.5,1.11
2023-10-09,AT,134.266,416.584,3.103,0.237,0.753,48.65,0.2,8.8,0,0,0,5.67,7.63,5.32,6.74,0.66
2023-10-16,AT,125.692,398.158,3.168,0.241,0.716,82.55,-0.35,12.0,0,0,0,4.35,10.54,8.06,8.29,0.82
2023-10-23,AT,121.873,396.242,3.251,0.044,0.732,44.4,-0.1,7.9,0,0,0,4.15,12.87,4.21,7.67,1.13
2023-10-30,AT,137.134,430.38,3.138,0.298,0.731,68.26,-0.8,8.9,0,0,0,9.39,6.69,5.41,3.71,2.83
2023-11-06,AT,143.393,461.187,3.216,0.141,0.754,51.7,-1.27,8.1,0,0,0,47.34,10.18,5.4,10.07,5.57
2023-11-13,AT,154.826,495.967,3.203,0.155,0.759,46.06,-1.47,2.2,0,0,0,50.27,10.38,6.33,8.99,9.61
2023-11-20,AT,172.64,534.512,3.096,0.337,0.727,28.3,-1.12,3.3,0,0,0,85.03,8.18,7.13,13.16,6.82
2023-11-27,AT,161.225,519.728,3.224,0.239,0.73,52.11,-1.37,4.6,0,0,0,30.08,8.42,14.47,19.13,8.28
2023-12-04,AT,157.448,513.191,3.259,0.066,0.753,87.96,-1.07,3.9,1,0,0,98.78,6.14,10.53,8.87,13.44
2023-12-11,AT,163.865,536.735,3.275,0.119,0.744,43.19,0.21,3.8,1,0,0,122.09,7.24,7.78,10.93,10.67
2023-12-18,AT,167.194,526.758,3.151,0.241,0.734,22.12,-0.18,0.8,1,0,0,71.54,6.25,7.16,10.5,11.14
2023-12-25,AT,232.73,639.199,2.747,0.95,0.741,58.09,0.86,0.7,1,0,0,8.13,8.64,10.54,10.22,1.71
2024-01-01,AT,137.213,444.532,3.24,0.031,0.763,37.03,-0.21,4.0,0,0,0,4.8,8.81,9.0,0.0,1.75
2024-01-08,AT,141.957,448.054,3.156,0.093,0.745,31.02,0.3,0.6,0,0,0,8.52,8.83,10.53,10.98,0.67
2024-01-15,AT,161.096,506.373,3.143,0.254,0.751,45.03,0.13,1.7,0,0,0,5.1,12.07,12.41,14.14,1.62
2024-01-22,AT,123.382,409.649,3.32,0.003,0.738,35.1,1.81,-0.5,0,0,0,5.84,9.83,5.32,7.02,1.36
2024-01-29,AT,146.672,466.619,3.181,0.192,0.767,71.49,1.39,-2.9,0,0,0,5.23,8.03,3.4,18.15,1.58
2024-02-05,AT,133.109,430.012,3.231,0.195,0.746,55.29,0.72,1.4,0,0,1,6.29,7.93,7.3,10.98,1.81
2024-02-12,AT,145.363,466.194,3.207,0.13,0.762,62.11,1.55,2.0,0,0,1,58.34,6.75,7.43,10.05,1.53
2024-02-19,AT,160.152,494.763,3.089,0.285,0.761,42.4,1.86,3.3,0,0,0,29.9,9.18,7.82,4.04,11.01
2024-02-26,AT,138.907,442.182,3.183,0.122,0.751,49.36,1.91,0.3,0,0,0,25.09,8.92,5.61,8.64,5.6
2024-03-04,AT,129.018,428.858,3.324,0.064,0.743,42.73,-0.03,1.5,0,0,0,24.27,16.57,6.22,6.02,9.61
2024-03-11,AT,135.083,426.092,3.154,0.23,0.759,54.24,0.27,-0.5,0,1,0,3.58,15.65,7.99,10.1,7.69
2024-03-18,AT,151.957,458.087,3.015,0.533,0.756,25.37,0.17,5.9,0,1,0,2.95,14.93,7.92,11.24,7.53
2024-03-25,AT,131.769,417.805,3.171,0.162,0.783,48.64,0.23,7.5,0,1,0,3.43,17.91,9.89,11.7,11.86
2024-04-01,AT,129.453,404.012,3.121,0.293,0.747,66.48,-0.41,5.6,0,0,0,7.19,5.49,2.82,7.17,0.92
2024-04-08,AT,103.977,341.488,3.284,0.091,0.78,80.75,0.62,7.2,0,0,0,3.6,10.33,3.28,7.19,0.84
2024-04-15,AT,125.201,403.978,3.227,0.278,0.79,61.78,0.59,8.9,0,0,0,4.69,10.34,9.46,8.36,0.65
2024-04-22,AT,111.795,359.68,3.217,0.124,0.78,49.96,0.37,13.7,0,0,0,2.71,9.1,6.81,3.35,0.9
2024-04-29,AT,107.633,348.751,3.24,0.057,0.783,28.52,-0.9,13.5,0,0,0,4.27,15.77,7.07,5.83,1.41
2024-05-06,AT,98.421,326.689,3.319,0.047,0.764,49.51,-1.08,15.2,0,0,0,2.13,17.73,4.71,5.47,0.52
2024-05-13,AT,113.907,363.567,3.192,0.275,0.779,26.11,-1.97,13.7,0,0,0,2.98,10.01,4.3,7.74,1.0
2024-05-20,AT,109.246,349.195,3.196,0.224,0.78,35.76,-0.9,14.2,0,0,0,8.13,8.71,5.3,5.36,0.37
2024-05-27,AT,83.009,281.408,3.39,0.043,0.74,43.73,-0.73,18.3,0,0,0,2.93,4.56,3.46,7.95,0.68
2024-06-03,AT,114.49,350.65,3.063,0.354,0.767,42.66,-1.24,13.7,0,0,0,5.15,4.43,2.74,5.57,0.98
2024-06-10,AT,102.598,321.764,3.136,0.304,0.75,60.07,-1.41,18.8,0,0,0,3.94,8.13,3.07,7.8,0.67
2024-06-17,AT,125.947,377.273,2.995,0.604,0.738,42.09,-0.27,15.9,0,0,0,20.49,5.99,4.56,12.17,0.51
2024-06-24,AT,104.371,328.212,3.145,0.292,0.776,31.19,-0.18,20.6,0,0,0,16.6,3.74,5.29,9.35,0.66
2024-07-01,AT,89.748,298.564,3.327,0.092,0.786,39.18,-0.22,20.5,0,0,0,31.74,5.55,7.33,7.35,1.04
2024-07-08,AT,101.328,325.748,3.215,0.253,0.765,36.0,1.24,18.0,0,0,0,2.8,6.47,0.0,7.76,1.21
2024-07-15,AT,90.72,293.103,3.231,0.209,0.79,62.58,1.51,20.4,0,0,0,5.09,7.95,4.79,4.59,1.23
2024-07-22,AT,87.001,299.012,3.437,0.094,0.792,29.17,2.21,17.7,0,0,0,2.37,5.66,7.52,4.09,0.94
2024-07-29,AT,88.339,290.397,3.287,0.062,0.784,39.39,1.9,17.8,0,0,0,3.25,5.6,3.32,4.17,0.88
2024-08-05,AT,107.787,342.567,3.178,0.306,0.773,60.59,1.57,18.8,0,0,0,26.44,6.54,3.3,6.38,1.15
2024-08-12,AT,120.547,387.702,3.216,0.306,0.797,35.95,2.22,17.7,0,0,0,27.23,7.4,4.08,10.66,0.58
2024-08-19,AT,128.694,402.667,3.129,0.356,0.82,52.73,2.15,20.6,0,0,0,16.5,4.94,5.08,5.26,4.4
2024-08-26,AT,112.207,363.994,3.244,0.24,0.745,47.92,2.41,22.1,0,0,0,3.2,10.55,11.3,8.49,10.27
2024-09-02,AT,145.323,452.823,3.116,0.507,0.801,43.29,2.33,17.2,0,0,0,3.96,17.89,5.19,4.91,9.28
2024-09-09,AT,119.184,395.265,3.316,0.135,0.765,28.55,2.31,16.3,0,0,0,3.28,11.58,9.7,5.2,9.76
2024-09-16,AT,132.335,432.95,3.272,0.253,0.806,49.21,2.18,16.8,0,0,0,5.83,5.47,5.42,11.21,1.21
2024-09-23,AT,122.163,405.588,3.32,0.087,0.81,42.03,1.1,13.6,0,0,0,5.85,9.73,7.87,6.78,0.87
2024-09-30,AT,132.99,433.062,3.256,0.205,0.783,53.83,2.11,14.0,0,0,0,2.47,5.25,8.7,6.95,5.47
2024-10-07,AT,135.73,456.033,3.36,0.217,0.783,32.15,1.61,8.2,0,0,0,2.68,5.3,8.51,18.39,11.42
2024-10-14,AT,129.491,426.525,3.294,0.21,0.793,58.62,0.62,9.4,0,0,0,3.31,13.02,9.45,9.72,12.33
2024-10-21,AT,128.528,433.04,3.369,0.132,0.796,61.4,0.66,6.5,0,0,0,5.53,10.91,5.86,9.6,5.85
2024-10-28,AT,127.652,427.024,3.345,0.041,0.791,77.15,0.11,4.5,0,0,0,11.04,8.56,12.71,9.22,6.83
2024-11-04,AT,137.352,459.353,3.344,0.082,0.819,44.02,1.09,9.1,0,0,0,32.21,5.36,11.0,11.82,8.7
2024-11-11,AT,139.426,479.321,3.438,0.049,0.766,41.47,1.58,5.5,0,0,0,40.86,7.27,6.22,8.14,12.47
2024-11-18,AT,152.285,497.559,3.267,0.24,0.788,67.28,1.08,8.1,0,0,0,26.15,12.2,9.64,10.82,8.27
2024-11-25,AT,146.039,480.541,3.29,0.098,0.812,37.58,0.35,7.0,0,0,0,26.59,11.82,5.62,15.74,6.99
2024-12-02,AT,162.048,514.865,3.177,0.316,0.794,39.86,0.83,2.9,0,0,0,19.5,15.05,8.55,9.73,13.44
2024-12-09,AT,158.585,519.096,3.273,0.229,0.796,47.08,0.25,1.4,1,0,0,38.5,20.32,5.53,4.78,11.79
2024-12-16,AT,145.691,502.945,3.452,0.078,0.796,36.78,-0.87,0.0,1,0,0,54.29,10.64,10.76,8.78,7.53
2024-12-23,AT,176.783,563.931,3.19,0.418,0.822,79.65,-2.23,-3.9,1,0,0,5.16,14.16,23.66,14.49,1.14
2024-12-30,AT,162.283,511.965,3.155,0.378,0.818,68.95,-1.69,-0.6,1,0,0,9.49,11.44,14.01,16.4,2.12
2025-01-06,AT,137.78,467.787,3.395,0.049,0.778,26.9,-2.96,-0.3,0,0,0,6.2,10.06,10.78,12.55,0.91
2025-01-13,AT,154.488,509.843,3.3,0.213,0.783,27.09,-3.94,-1.3,0,0,0,5.66,10.92,6.04,18.11,1.28
2025-01-20,AT,133.473,441.627,3.309,0.062,0.799,42.31,-3.41,-2.0,0,0,0,6.79,16.51,9.38,7.57,1.64
2025-01-27,AT,130.11,445.208,3.422,0.016,0.805,59.55,-2.8,-0.1,0,0,0,6.63,8.14,12.27,16.86,1.46
2025-02-03,AT,161.71,509.529,3.151,0.434,0.827,62.67,-3.76,-0.4,0,0,0,8.21,17.14,7.74,11.44,1.88
2025-02-10,AT,141.909,460.026,3.242,0.305,0.808,77.62,-4.28,1.0,0,0,1,4.07,18.95,8.21,13.25,0.73
2025-02-17,AT,130.44,438.076,3.358,0.059,0.837,55.11,-3.53,-0.8,0,0,0,2.36,11.22,4.25,3.77,1.31
2025-02-24,AT,155.988,505.399,3.24,0.356,0.849,36.51,-3.39,5.6,0,0,0,5.35,11.86,5.58,13.73,1.42
2025-03-03,AT,125.098,417.539,3.338,0.139,0.796,56.74,-3.79,3.7,0,0,0,4.04,6.46,3.85,10.65,1.4
2025-03-10,AT,170.386,535.609,3.144,0.43,0.817,35.13,-3.72,3.2,0,0,0,4.82,23.6,13.98,18.68,1.48
2025-03-17,AT,116.248,408.724,3.516,0.048,0.836,38.44,-3.42,2.9,0,0,0,8.45,14.16,8.21,9.96,0.78
2025-03-24,AT,119.569,402.445,3.366,0.108,0.821,30.31,-4.33,3.5,0,0,0,3.11,10.38,8.71,6.45,1.89
2025-03-31,AT,115.104,383.63,3.333,0.084,0.824,37.21,-5.17,8.2,0,1,0,5.79,9.69,6.11,6.66,1.29
2025-04-07,AT,125.783,420.98,3.347,0.274,0.809,40.19,-4.31,6.9,0,1,0,5.97,10.8,3.82,9.87,1.3
2025-04-14,AT,110.973,378.934,3.415,0.186,0.808,40.54,-2.93,9.0,0,1,0,4.88,7.13,6.57,0.0,0.85
2025-04-21,AT,100.009,335.867,3.358,0.086,0.824,81.46,-2.24,11.0,0,0,0,5.95,9.61,4.8,6.48,1.07
2025-04-28,AT,111.041,364.858,3.286,0.25,0.841,49.03,-2.42,10.2,0,0,0,3.32,6.12,4.15,5.42,1.55
2025-05-05,AT,109.984,365.662,3.325,0.211,0.801,52.59,-2.99,13.0,0,0,0,2.98,9.8,5.78,13.03,0.94
2025-05-12,AT,122.61,392.871,3.204,0.391,0.82,49.4,-2.97,9.9,0,0,0,5.29,6.33,5.74,6.87,0.99
2025-05-19,AT,112.589,367.222,3.262,0.224,0.86,75.45,-2.16,12.8,0,0,0,4.6,10.7,5.05,7.12,1.0
2025-05-26,AT,108.589,356.984,3.287,0.21,0.821,35.1,-1.17,11.9,0,0,0,5.65,7.31,4.0,5.9,0.49
2025-06-02,AT,90.705,320.383,3.532,0.086,0.83,58.19,-1.21,15.9,0,0,0,3.63,8.15,3.61,11.29,0.8
2025-06-09,AT,102.845,348.696,3.39,0.088,0.843,35.76,-0.91,16.7,0,0,0,5.75,20.29,4.95,9.93,1.04
2025-06-16,AT,119.266,383.063,3.212,0.385,0.84,44.09,-2.09,21.8,0,0,0,19.0,9.23,7.33,4.55,0.67
2025-06-23,AT,95.45,321.888,3.372,0.236,0.826,53.04,-2.23,17.3,0,0,0,13.95,7.4,2.63,6.13,5.01
2025-06-30,AT,95.812,317.81,3.317,0.227,0.826,30.35,-1.08,19.6,0,0,0,9.59,6.64,3.56,4.43,4.87
2025-07-07,AT,106.824,350.737,3.283,0.27,0.862,40.39,-1.22,20.5,0,0,0,13.02,4.46,4.15,11.48,2.77
2025-07-14,AT,97.732,324.881,3.324,0.177,0.813,45.41,-0.88,22.7,0,0,0,25.36,9.35,4.14,6.99,6.36
2025-07-21,AT,108.953,349.799,3.211,0.486,0.806,52.87,-0.19,20.8,0,0,0,11.59,11.43,3.62,5.54,3.04
2025-07-28,AT,106.131,360.938,3.401,0.162,0.857,42.73,0.44,21.3,0,0,0,17.15,6.95,9.11,5.66,0.88
2025-08-04,AT,121.808,403.465,3.312,0.378,0.861,107.39,0.5,23.2,0,0,0,44.3,12.93,5.64,8.15,5.11
2025-08-11,AT,114.649,386.346,3.37,0.168,0.817,81.86,0.02,15.9,0,0,0,30.3,7.37,3.7,6.59,5.06
2025-08-18,AT,116.732,401.86,3.443,0.196,0.855,24.3,-1.73,17.6,0,0,0,6.73,4.4,2.88,13.16,6.21
2025-08-25,AT,114.841,390.213,3.398,0.177,0.846,49.26,-2.68,17.3,0,0,0,2.69,6.92,5.57,5.9,8.38
2025-09-01,AT,110.863,373.08,3.365,0.177,0.837,56.7,-2.96,17.2,0,0,0,1.7,6.34,10.49,5.6,9.02
2025-09-08,AT,114.3,402.589,3.522,0.013,0.843,53.69,-2.41,15.2,0,0,0,7.14,8.75,7.01,14.83,6.11
2025-09-15,AT,128.509,435.366,3.388,0.219,0.879,74.13,-2.27,17.7,0,0,0,2.66,12.52,3.04,8.14,6.98
2025-09-22,AT,142.725,478.738,3.354,0.27,0.858,20.86,-1.38,13.3,0,0,0,4.67,7.54,4.38,16.14,0.85
2025-09-29,AT,129.555,437.391,3.376,0.156,0.856,35.9,-2.38,12.1,0,0,0,5.04,10.51,7.66,13.84,0.71
2025-10-06,AT,137.009,454.95,3.321,0.3,0.855,79.23,-3.83,13.2,0,0,0,3.45,11.97,11.0,6.53,1.71
2025-10-13,AT,126.82,432.296,3.409,0.157,0.834,72.26,-3.37,9.6,0,0,0,8.5,8.9,8.19,8.75,0.86
2025-10-20,AT,145.445,485.258,3.336,0.348,0.841,100.2,-1.97,7.8,0,0,0,58.0,8.59,8.43,11.33,1.0
2025-10-27,AT,135.228,472.412,3.493,0.151,0.845,83.37,-1.84,6.0,0,0,0,41.81,12.49,11.93,10.57,1.51
2025-11-03,AT,146.033,519.929,3.56,0.014,0.831,34.69,-2.3,7.2,0,0,0,34.79,16.81,13.01,13.0,5.6
2025-11-10,AT,173.443,570.082,3.287,0.437,0.86,69.86,-1.62,8.3,0,0,0,38.24,10.24,6.74,0.0,10.81
2025-11-17,AT,175.885,581.962,3.309,0.433,0.874,47.22,-0.52,6.8,0,0,0,24.73,9.89,10.13,11.79,6.91
2025-11-24,AT,131.161,471.717,3.596,0.003,0.85,54.89,-1.51,5.1,0,0,0,33.77,12.43,6.3,17.51,6.31
2025-12-01,AT,136.768,480.466,3.513,0.002,0.837,52.56,-1.81,3.5,0,0,0,35.71,14.62,6.11,19.91,7.74
2025-12-08,AT,227.904,684.656,3.004,0.754,0.838,45.01,-1.03,1.3,1,0,0,27.66,11.02,11.04,9.56,7.09
2025-12-15,AT,162.008,553.598,3.417,0.205,0.887,44.56,-0.86,1.5,1,0,0,50.33,11.93,5.49,11.7,10.42
2025-12-22,AT,176.945,580.905,3.283,0.521,0.844,65.41,-1.52,-1.4,1,0,0,3.41,12.41,9.61,12.19,2.37
2023-01-02,DE,622.794,1914.882,3.075,0.066,0.711,402.89,-7.24,1.2,0,0,0,39.78,63.52,31.58,50.87,9.05
2023-01-09,DE,662.627,2112.026,3.187,0.115,0.73,293.77,-6.71,1.0,0,0,0,48.19,77.19,42.76,28.91,11.86
2023-01-16,DE,677.473,2088.892,3.083,0.192,0.694,285.28,-6.64,0.8,0,0,0,65.93,66.67,0.0,27.16,15.71
2023-01-23,DE,695.841,2117.077,3.042,0.168,0.653,466.42,-6.13,-2.6,0,0,0,31.14,36.42,59.11,73.67,11.27
2023-01-30,DE,701.691,2161.039,3.08,0.072,0.727,287.26,-6.71,3.0,0,0,0,32.0,31.57,91.82,41.95,6.92
2023-02-06,DE,659.057,2019.965,3.065,0.058,0.709,283.56,-6.02,2.3,0,0,1,45.63,71.94,0.0,53.42,4.81
2023-02-13,DE,873.682,2509.936,2.873,0.344,0.753,372.97,-6.82,3.5,0,0,1,33.13,77.99,48.93,42.23,3.32
2023-02-20,DE,881.775,2506.777,2.843,0.436,0.737,210.57,-5.07,2.1,0,0,0,51.43,57.65,32.23,49.86,42.28
2023-02-27,DE,829.273,2386.648,2.878,0.42,0.698,279.96,-6.31,1.6,0,0,0,31.74,48.38,54.35,31.08,52.6
2023-03-06,DE,805.966,2320.632,2.879,0.341,0.709,403.96,-6.68,4.9,0,0,0,22.83,48.89,74.68,47.98,42.35
2023-03-13,DE,680.766,2079.886,3.055,0.09,0.721,183.77,-6.75,2.8,0,0,0,183.5,49.79,33.33,17.99,94.58
2023-03-20,DE,739.689,2203.696,2.979,0.338,0.7,299.08,-5.54,2.9,0,1,0,132.55,27.5,55.73,35.1,29.69
2023-03-27,DE,1001.261,2725.546,2.722,0.639,0.744,272.66,-4.16,2.3,0,1,0,183.72,44.44,36.43,23.42,36.47
2023-04-03,DE,1160.458,2995.982,2.582,0.95,0.727,243.14,-4.96,5.5,0,1,0,38.02,42.26,0.0,36.51,2.95
2023-04-10,DE,714.176,2090.142,2.927,0.331,0.7,209.73,-4.0,8.0,0,0,0,211.16,21.61,31.18,36.59,9.5
2023-04-17,DE,873.072,2471.944,2.831,0.537,0.743,227.76,-5.14,6.5,0,0,0,192.71,15.07,52.58,32.59,4.98
2023-04-24,DE,611.624,1871.127,3.059,0.047,0.692,243.31,-3.69,7.3,0,0,0,124.31,35.25,39.31,35.21,3.17
2023-05-01,DE,618.666,1857.982,3.003,0.192,0.73,232.77,-4.07,10.7,0,0,0,144.56,17.99,31.99,17.59,5.45
2023-05-08,DE,701.411,1960.354,2.795,0.425,0.694,274.3,-3.62,15.1,0,0,0,23.98,15.69,30.15,21.74,9.33
2023-05-15,DE,578.857,1772.364,3.062,0.114,0.74,260.94,-3.43,13.6,0,0,0,29.11,19.1,25.03,28.62,10.86
2023-05-22,DE,601.581,1814.872,3.017,0.266,0.705,215.39,-4.11,15.8,0,0,0,62.85,37.22,38.35,34.37,4.87
2023-05-29,DE,690.945,2031.733,2.941,0.403,0.711,322.49,-4.06,14.1,0,0,0,19.81,33.27,63.76,32.05,6.42
2023-06-05,DE,494.142,1532.799,3.102,0.158,0.729,314.56,-3.72,17.4,0,0,0,33.94,33.81,27.11,15.67,4.31
2023-06-12,DE,564.666,1698.383,3.008,0.154,0.731,190.1,-4.65,19.0,0,0,0,15.74,58.78,19.26,43.38,29.83
2023-06-19,DE,487.615,1512.765,3.102,0.096,0.732,391.63,-4.33,16.0,0,0,0,15.81,37.19,30.88,25.63,25.94
2023-06-26,DE,492.375,1509.405,3.066,0.15,0.728,270.15,-4.45,18.1,0,0,0,10.99,52.08,31.55,45.35,51.94
2023-07-03,DE,522.383,1572.091,3.009,0.223,0.707,338.81,-5.06,18.8,0,0,0,16.19,31.12,37.31,31.86,22.86
2023-07-10,DE,474.813,1491.86,3.142,0.039,0.723,229.78,-4.22,20.6,0,0,0,30.19,42.21,16.26,37.16,14.19
2023-07-17,DE,709.915,2003.021,2.821,0.586,0.729,207.63,-4.78,18.8,0,0,0,20.86,50.93,27.99,30.07,19.5
2023-07-24,DE,502.103,1520.949,3.029,0.144,0.736,288.91,-6.09,16.6,0,0,0,33.06,60.99,19.13,21.9,23.95
2023-07-31,DE,444.156,1428.376,3.216,0.03,0.719,214.14,-5.52,18.7,0,0,0,18.94,28.81,44.45,24.64,33.0
2023-08-07,DE,466.97,1481.342,3.172,0.106,0.747,391.92,-6.3,22.4,0,0,0,34.7,21.44,37.81,38.87,27.03
2023-08-14,DE,470.451,1443.991,3.069,0.057,0.724,555.47,-6.21,21.7,0,0,0,20.93,36.1,28.75,27.03,37.47
2023-08-21,DE,531.613,1644.828,3.094,0.163,0.721,372.46,-6.98,17.4,0,0,0,36.84,61.54,21.22,16.82,40.09
2023-08-28,DE,565.467,1763.766,3.119,0.022,0.715,301.6,-5.94,16.2,0,0,0,50.58,70.7,68.65,34.59,34.64
2023-09-04,DE,836.702,2387.831,2.854,0.605,0.716,268.63,-5.8,15.1,0,0,0,27.67,44.05,34.67,39.66,52.38
2023-09-11,DE,648.763,1994.975,3.075,0.096,0.716,238.79,-5.23,15.4,0,0,0,19.5,50.39,52.86,44.66,4.7
2023-09-18,DE,574.882,1778.354,3.093,0.035,0.724,289.9,-5.7,15.5,0,0,0,61.79,81.6,20.03,50.74,4.73
2023-09-25,DE,619.354,1951.532,3.151,0.074,0.767,242.7,-6.47,15.7,0,0,0,24.77,50.68,43.24,82.96,9.67
2023-10-02,DE,745.817,2238.855,3.002,0.255,0.74,260.75,-6.54,16.4,0,0,0,28.4,62.77,56.25,25.29,7.36
2023-10-09,DE,771.816,2325.327,3.013,0.3,0.776,466.07,-6.05,11.4,0,0,0,31.93,70.93,20.25,81.63,2.71
2023-10-16,DE,939.854,2705.888,2.879,0.485,0.706,284.56,-5.54,14.1,0,0,0,50.31,48.13,49.8,58.2,6.51
2023-10-23,DE,752.052,2291.519,3.047,0.138,0.758,399.45,-4.3,11.6,0,0,0,47.59,39.32,72.99,46.35,9.46
2023-10-30,DE,815.579,2421.524,2.969,0.162,0.757,437.42,-4.05,7.7,0,0,0,320.17,134.24,28.0,29.71,13.29
2023-11-06,DE,708.222,2253.84,3.182,0.078,0.711,336.76,-2.78,4.3,0,0,0,235.66,45.33,46.2,49.95,68.59
2023-11-13,DE,1119.402,3216.648,2.874,0.563,0.749,362.63,-3.66,5.8,0,0,0,246.32,38.81,43.51,61.23,61.65
2023-11-20,DE,1099.634,3177.308,2.889,0.348,0.75,341.99,-3.94,8.0,0,0,0,356.19,52.86,39.97,49.74,79.97
2023-11-27,DE,871.014,2676.571,3.073,0.108,0.755,255.55,-4.72,3.6,0,0,0,483.86,62.3,40.52,43.49,80.35
2023-12-04,DE,1036.067,3004.008,2.899,0.482,0.736,304.35,-4.58,6.5,1,0,0,175.89,66.12,37.14,41.94,85.02
2023-12-11,DE,1027.527,3029.097,2.948,0.519,0.758,399.87,-5.33,0.0,1,0,0,424.44,53.24,39.15,39.49,38.6
2023-12-18,DE,928.711,2879.045,3.1,0.214,0.771,220.79,-4.92,5.2,1,0,0,384.76,72.2,50.55,65.58,55.72
2023-12-25,DE,917.838,2831.27,3.085,0.251,0.731,281.98,-4.91,-0.0,1,0,0,51.88,112.44,53.2,64.15,5.1
2024-01-01,DE,720.258,2312.404,3.211,0.004,0.744,369.87,-4.71,-1.3,0,0,0,32.15,53.46,32.1,73.36,12.43
2024-01-08,DE,905.35,2731.245,3.017,0.31,0.765,386.31,-4.46,-0.8,0,0,0,42.22,60.97,41.49,39.86,6.75
2024-01-15,DE,768.504,2406.811,3.132,0.124,0.736,330.16,-4.7,-1.1,0,0,0,46.31,98.94,52.86,82.89,5.94
2024-01-22,DE,922.66,2831.321,3.069,0.26,0.773,293.87,-3.84,-3.1,0,0,0,31.92,40.97,77.25,122.64,15.67
2024-01-29,DE,701.458,2205.438,3.144,0.05,0.756,366.59,-2.16,-1.6,0,0,0,59.49,37.79,76.55,52.64,5.65
2024-02-05,DE,759.903,2320.846,3.054,0.092,0.775,351.14,-1.73,-4.2,0,0,1,32.81,44.62,48.57,74.81,7.03
2024-02-12,DE,743.876,2320.584,3.12,0.177,0.698,325.9,-1.57,3.3,0,0,1,64.97,54.18,50.16,31.01,7.91
2024-02-19,DE,734.5,2331.066,3.174,0.041,0.778,323.52,-1.12,2.7,0,0,0,21.95,76.64,28.53,111.04,48.35
2024-02-26,DE,776.515,2346.329,3.022,0.203,0.77,351.53,-1.57,1.0,0,0,0,22.37,29.83,47.36,58.87,74.62
2024-03-04,DE,666.01,2093.764,3.144,0.095,0.775,264.61,-2.22,1.4,0,0,0,18.13,41.34,23.01,0.0,60.45
2024-03-11,DE,705.893,2265.504,3.209,0.098,0.748,423.74,-2.72,6.6,0,1,0,292.66,34.3,38.19,49.86,33.67
2024-03-18,DE,813.805,2470.04,3.035,0.237,0.797,457.53,-2.33,2.8,0,1,0,161.14,28.08,26.76,25.17,60.89
2024-03-25,DE,716.29,2202.41,3.075,0.217,0.749,290.56,-2.06,7.7,0,1,0,160.76,30.45,31.56,50.62,6.09
2024-04-01,DE,744.369,2305.518,3.097,0.169,0.784,153.94,-0.79,9.6,0,0,0,285.6,62.05,42.12,41.29,5.34
2024-04-08,DE,870.841,2585.621,2.969,0.364,0.765,214.4,-1.88,9.6,0,0,0,369.04,47.61,41.87,55.53,7.73
2024-04-15,DE,785.818,2331.625,2.967,0.383,0.729,376.55,-1.43,9.4,0,0,0,149.39,47.19,58.92,29.14,7.09
2024-04-22,DE,703.997,2197.364,3.121,0.157,0.781,226.03,-0.29,11.9,0,0,0,303.86,54.21,39.63,13.16,6.2
2024-04-29,DE,697.615,2196.52,3.149,0.201,0.77,345.74,-1.23,11.5,0,0,0,220.75,49.4,29.72,36.02,4.27
2024-05-06,DE,679.301,2097.946,3.088,0.246,0.755,205.69,-0.51,15.2,0,0,0,176.48,47.95,43.43,32.0,5.74
2024-05-13,DE,654.301,2072.469,3.167,0.173,0.768,352.15,-0.04,12.8,0,0,0,113.27,80.11,18.69,45.31,3.56
2024-05-20,DE,671.643,2117.202,3.152,0.116,0.827,306.37,-0.0,18.9,0,0,0,102.13,49.77,59.46,25.33,6.85
2024-05-27,DE,594.225,1855.851,3.123,0.193,0.76,296.46,-1.2,17.8,0,0,0,24.93,14.05,15.01,29.19,4.63
2024-06-03,DE,586.635,1831.605,3.122,0.063,0.794,260.06,-1.76,16.8,0,0,0,24.76,45.44,39.23,28.5,4.81
2024-06-10,DE,494.824,1599.263,3.232,0.041,0.772,328.31,-1.09,20.2,0,0,0,17.93,50.97,36.45,24.33,6.1
2024-06-17,DE,654.73,1986.567,3.034,0.417,0.78,205.51,-0.27,20.7,0,0,0,15.57,41.51,23.67,37.07,4.32
2024-06-24,DE,481.948,1526.19,3.167,0.13,0.796,316.6,-0.37,18.5,0,0,0,13.4,26.9,24.01,26.73,5.27
2024-07-01,DE,487.265,1525.635,3.131,0.27,0.797,266.77,-0.53,17.4,0,0,0,23.35,22.37,16.15,24.15,3.38
2024-07-08,DE,506.948,1592.054,3.14,0.269,0.787,465.86,0.52,17.4,0,0,0,25.65,32.64,27.93,22.26,4.7
2024-07-15,DE,519.724,1635.083,3.146,0.181,0.76,156.35,0.69,18.7,0,0,0,26.08,41.3,32.62,25.53,5.89
2024-07-22,DE,461.021,1503.684,3.262,0.013,0.787,304.01,1.17,19.6,0,0,0,25.71,45.44,22.84,49.93,2.31
2024-07-29,DE,547.53,1748.129,3.193,0.251,0.787,234.61,1.78,19.6,0,0,0,17.89,17.65,33.6,28.1,3.9
2024-08-05,DE,513.455,1619.874,3.155,0.101,0.771,338.32,0.35,24.3,0,0,0,40.09,41.51,39.01,25.75,4.99
2024-08-12,DE,584.827,1832.715,3.134,0.234,0.763,389.96,2.84,19.2,0,0,0,17.11,62.57,24.95,35.93,4.84
2024-08-19,DE,657.98,2103.777,3.197,0.244,0.81,196.23,3.34,19.0,0,0,0,31.61,55.37,47.01,48.86,6.42
2024-08-26,DE,579.595,1842.509,3.179,0.082,0.763,457.36,4.91,16.9,0,0,0,23.8,112.56,43.4,39.35,8.62
2024-09-02,DE,603.61,1978.649,3.278,0.121,0.801,265.56,4.37,20.2,0,0,0,129.81,36.22,39.94,47.85,6.28
2024-09-09,DE,662.385,2137.122,3.226,0.069,0.773,284.59,3.13,13.6,0,0,0,159.86,31.44,53.39,54.13,7.46
2024-09-16,DE,998.934,2892.348,2.895,0.577,0.802,249.24,3.62,15.9,0,0,0,252.22,70.49,47.35,58.92,7.63
2024-09-23,DE,735.2,2411.003,3.279,0.024,0.751,157.0,2.37,14.2,0,0,0,315.51,91.83,34.11,50.82,64.58
2024-09-30,DE,772.496,2458.458,3.182,0.208,0.809,268.27,1.88,13.0,0,0,0,37.35,37.86,36.28,29.95,61.3
2024-10-07,DE,867.21,2668.578,3.077,0.29,0.786,214.63,1.85,12.2,0,0,0,12.28,57.5,50.73,48.14,81.98
2024-10-14,DE,861.193,2707.263,3.144,0.234,0.774,191.92,0.85,9.8,0,0,0,45.55,63.47,71.07,41.15,73.13
2024-10-21,DE,864.947,2682.066,3.101,0.264,0.834,446.74,0.95,7.6,0,0,0,17.13,69.65,52.71,68.51,41.57
2024-10-28,DE,881.758,2691.974,3.053,0.334,0.795,443.59,0.96,10.6,0,0,0,72.35,96.93,44.15,85.22,57.49
2024-11-04,DE,936.999,2904.103,3.099,0.332,0.8,351.08,0.79,10.1,0,0,0,270.06,147.52,52.52,0.0,74.91
2024-11-11,DE,969.78,3060.786,3.156,0.285,0.8,241.42,0.39,7.5,0,0,0,267.91,51.77,34.93,73.5,57.09
2024-11-18,DE,828.242,2672.755,3.227,0.025,0.813,453.53,1.47,7.6,0,0,0,366.76,57.91,80.0,65.8,21.11
2024-11-25,DE,810.359,2646.082,3.265,0.016,0.788,333.59,1.53,4.5,0,0,0,236.22,38.03,89.03,54.06,104.31
2024-12-02,DE,889.157,2946.051,3.313,0.117,0.832,300.8,1.74,-1.3,0,0,0,240.31,88.33,98.29,96.52,65.77
2024-12-09,DE,1034.253,3238.369,3.131,0.308,0.785,254.0,2.1,0.4,1,0,0,231.29,44.45,75.34,0.0,62.88
2024-12-16,DE,1017.687,3064.407,3.011,0.356,0.791,337.02,1.55,2.7,1,0,0,277.24,70.59,43.77,47.32,63.85
2024-12-23,DE,803.056,2660.777,3.313,0.024,0.807,303.92,1.37,-3.5,1,0,0,40.91,80.0,53.04,44.47,6.45
2024-12-30,DE,1360.719,3967.952,2.916,0.548,0.847,292.82,3.23,0.9,1,0,0,42.89,109.72,48.24,87.06,8.61
2025-01-06,DE,894.873,2791.114,3.119,0.175,0.796,292.69,2.75,1.0,0,0,0,12.27,66.09,64.18,46.35,7.52
2025-01-13,DE,884.386,2820.595,3.189,0.174,0.814,393.16,4.05,0.8,0,0,0,37.74,56.07,87.78,45.89,6.33
2025-01-20,DE,756.908,2476.311,3.272,0.155,0.798,381.32,2.67,-2.0,0,0,0,22.04,52.57,23.06,86.16,8.76
2025-01-27,DE,803.973,2590.983,3.223,0.204,0.793,481.59,2.86,-0.5,0,0,0,98.8,93.79,61.87,66.24,9.47
2025-02-03,DE,906.912,2876.419,3.172,0.33,0.815,293.89,2.47,-0.2,0,0,0,49.36,57.02,57.63,54.69,11.87
2025-02-10,DE,929.835,2921.011,3.141,0.336,0.84,221.6,2.71,1.3,0,0,1,50.75,64.88,57.22,42.19,8.78
2025-02-17,DE,715.213,2311.662,3.232,0.095,0.785,333.6,3.25,0.8,0,0,0,42.28,82.24,64.14,60.49,7.42
2025-02-24,DE,801.029,2592.972,3.237,0.159,0.817,193.3,3.72,-1.4,0,0,0,44.2,97.83,36.71,37.67,9.32
2025-03-03,DE,823.981,2648.698,3.215,0.298,0.824,238.77,3.13,7.5,0,0,0,24.83,90.74,67.37,57.08,10.77
2025-03-10,DE,926.119,2874.439,3.104,0.501,0.81,425.97,2.31,4.3,0,0,0,43.59,34.81,52.89,54.73,10.18
2025-03-17,DE,709.78,2239.295,3.155,0.139,0.809,503.48,2.77,4.1,0,0,0,43.35,38.04,42.84,49.4,6.5
2025-03-24,DE,653.44,2165.198,3.314,0.028,0.8,355.64,3.77,4.6,0,0,0,33.15,62.62,45.0,52.64,7.05
2025-03-31,DE,1051.213,2998.033,2.852,0.731,0.809,322.44,4.28,8.3,0,1,0,39.54,65.84,0.0,59.28,6.0
2025-04-07,DE,727.809,2312.575,3.177,0.31,0.807,276.62,5.43,8.3,0,1,0,42.37,57.31,43.44,24.81,13.53
2025-04-14,DE,808.254,2544.349,3.148,0.342,0.838,313.16,4.91,9.9,0,1,0,28.42,80.97,50.06,31.38,8.78
2025-04-21,DE,730.51,2264.596,3.1,0.372,0.808,304.74,4.2,7.3,0,0,0,18.5,85.66,25.37,56.55,9.24
2025-04-28,DE,657.909,2091.711,3.179,0.186,0.827,328.7,3.91,7.4,0,0,0,35.43,46.29,34.17,40.52,4.16
2025-05-05,DE,740.034,2328.573,3.147,0.333,0.847,234.74,4.71,15.3,0,0,0,44.06,49.45,31.85,55.94,43.2
2025-05-12,DE,630.388,2063.659,3.274,0.084,0.803,314.45,4.46,14.2,0,0,0,109.9,67.03,36.05,73.3,60.2
2025-05-19,DE,701.314,2252.829,3.212,0.208,0.806,194.05,3.61,15.5,0,0,0,244.39,60.35,32.21,68.0,23.2
2025-05-26,DE,623.358,2047.975,3.285,0.065,0.826,182.01,4.28,18.2,0,0,0,172.94,29.77,18.74,54.49,33.79
2025-06-02,DE,621.037,2055.934,3.31,0.066,0.815,408.54,3.84,16.1,0,0,0,190.06,26.05,39.56,38.96,17.39
2025-06-09,DE,752.558,2335.173,3.103,0.389,0.847,711.78,3.29,18.7,0,0,0,199.38,21.31,49.41,55.19,93.89
2025-06-16,DE,631.537,2029.166,3.213,0.272,0.844,305.94,2.27,14.8,0,0,0,98.57,38.95,24.75,28.73,34.47
2025-06-23,DE,645.212,1983.014,3.073,0.227,0.836,291.76,2.69,18.8,0,0,0,152.78,30.53,32.29,36.69,3.85
2025-06-30,DE,583.528,1869.648,3.204,0.209,0.854,429.82,2.79,19.4,0,0,0,190.98,28.68,23.27,30.44,6.09
2025-07-07,DE,584.365,1896.367,3.245,0.124,0.825,191.43,3.55,21.8,0,0,0,215.13,20.6,31.08,27.76,3.81
2025-07-14,DE,601.806,1955.868,3.25,0.184,0.834,178.15,3.27,19.2,0,0,0,176.42,35.2,26.85,25.23,5.46
2025-07-21,DE,569.614,1892.369,3.322,0.11,0.857,355.13,3.45,24.2,0,0,0,95.24,21.16,43.14,38.58,3.77
2025-07-28,DE,617.04,2001.732,3.244,0.191,0.883,440.29,4.41,14.9,0,0,0,147.32,24.92,25.27,20.34,6.86
2025-08-04,DE,766.732,2345.199,3.059,0.489,0.827,346.21,3.68,21.9,0,0,0,132.57,35.37,40.53,18.69,3.87
2025-08-11,DE,672.164,2186.66,3.253,0.125,0.83,276.41,5.2,15.9,0,0,0,157.2,50.74,26.9,55.39,5.45
2025-08-18,DE,638.816,2138.378,3.347,0.072,0.869,504.77,5.37,20.9,0,0,0,241.58,46.32,30.55,48.11,3.87
2025-08-25,DE,621.743,2111.541,3.396,0.086,0.84,256.85,5.26,19.9,0,0,0,15.94,62.33,40.64,59.15,6.19
2025-09-01,DE,705.43,2278.09,3.229,0.247,0.811,290.86,5.72,16.2,0,0,0,32.89,50.14,23.41,45.02,5.92
2025-09-08,DE,691.284,2270.006,3.284,0.145,0.849,266.67,5.96,15.9,0,0,0,33.51,46.26,31.83,58.06,4.16
2025-09-15,DE,865.928,2724.21,3.146,0.39,0.842,215.17,5.73,15.2,0,0,0,21.2,49.98,60.23,43.35,12.6
2025-09-22,DE,963.486,2887.639,2.997,0.566,0.846,290.27,5.88,16.3,0,0,0,45.85,42.24,36.93,44.6,43.3
2025-09-29,DE,868.768,2750.308,3.166,0.269,0.863,300.78,6.53,12.6,0,0,0,25.95,61.05,30.36,37.52,47.79
2025-10-06,DE,739.193,2403.065,3.251,0.126,0.835,303.64,7.89,13.1,0,0,0,33.32,95.24,30.36,106.55,68.43
2025-10-13,DE,724.182,2429.801,3.355,0.038,0.835,375.05,8.86,11.4,0,0,0,13.56,83.66,52.92,42.22,36.37
2025-10-20,DE,1093.614,3376.152,3.087,0.523,0.833,266.5,9.98,11.4,0,0,0,51.14,85.41,43.49,104.56,5.35
2025-10-27,DE,802.953,2671.817,3.327,0.099,0.872,467.87,10.66,9.3,0,0,0,31.96,77.39,55.05,40.81,6.34
2025-11-03,DE,986.917,3124.772,3.166,0.319,0.855,292.78,10.79,8.6,0,0,0,214.73,75.09,20.88,46.44,78.88
2025-11-10,DE,995.074,3194.628,3.21,0.322,0.798,235.05,10.05,8.0,0,0,0,407.69,73.15,42.6,99.14,39.31
2025-11-17,DE,1186.45,3720.959,3.136,0.373,0.87,231.51,9.92,6.9,0,0,0,125.5,48.92,43.59,80.82,139.26
2025-11-24,DE,951.118,3166.193,3.329,0.112,0.86,286.61,9.45,5.8,0,0,0,340.06,48.85,75.32,77.41,61.95
2025-12-01,DE,873.366,2866.048,3.282,0.121,0.797,305.99,10.06,3.2,0,0,0,366.38,52.6,79.55,49.2,65.73
2025-12-08,DE,1283.041,3963.255,3.089,0.511,0.887,368.35,8.24,2.5,1,0,0,126.22,103.75,74.23,95.9,68.6
2025-12-15,DE,925.651,3023.685,3.267,0.121,0.892,339.06,7.99,0.4,1,0,0,279.89,59.8,29.47,51.19,46.81
2025-12-22,DE,1745.02,4785.655,2.742,0.95,0.858,454.5,8.45,2.5,1,0,0,33.47,94.0,79.74,76.96,8.66
2023-01-02,FR,339.473,1115.314,3.285,0.135,0.694,212.67,0.1,4.0,0,0,0,26.69,27.79,21.19,19.45,8.81
2023-01-09,FR,422.251,1310.563,3.104,0.314,0.689,119.44,-1.34,5.3,0,0,0,49.81,30.35,30.38,25.05,5.44
2023-01-16,FR,318.464,1052.248,3.304,0.151,0.676,254.15,-1.85,5.7,0,0,0,21.14,24.62,23.74,22.66,8.56
2023-01-23,FR,359.763,1173.883,3.263,0.227,0.707,140.23,-1.11,2.2,0,0,0,18.47,24.25,12.03,36.79,5.07
2023-01-30,FR,365.618,1148.119,3.14,0.301,0.713,209.65,-1.37,4.5,0,0,0,17.64,20.86,12.77,30.61,10.29
2023-02-06,FR,389.437,1247.635,3.204,0.245,0.703,147.45,-1.37,6.1,0,0,1,23.7,50.68,31.64,24.24,5.86
2023-02-13,FR,492.381,1466.025,2.977,0.682,0.715,357.71,-1.16,5.5,0,0,1,22.52,19.32,24.1,49.79,4.89
2023-02-20,FR,346.04,1121.595,3.241,0.165,0.732,233.61,-1.07,5.5,0,0,0,21.7,28.35,11.81,24.77,7.17
2023-02-27,FR,387.621,1222.729,3.154,0.161,0.72,227.1,-1.42,7.4,0,0,0,182.95,25.27,30.3,17.31,3.36
2023-03-06,FR,383.016,1239.618,3.236,0.141,0.655,114.28,-0.47,9.0,0,0,0,139.55,23.31,16.21,38.75,5.73
2023-03-13,FR,345.292,1174.289,3.401,0.162,0.735,155.65,-1.16,8.6,0,0,0,67.36,31.75,27.77,17.77,5.57
2023-03-20,FR,363.412,1157.45,3.185,0.232,0.715,150.8,-0.87,8.9,0,1,0,93.22,26.4,15.22,17.41,11.6
2023-03-27,FR,406.022,1274.409,3.139,0.363,0.684,112.4,-1.49,8.0,0,1,0,110.66,11.51,25.91,13.53,6.92
2023-04-03,FR,280.733,961.146,3.424,0.083,0.724,210.34,-1.54,10.5,0,1,0,18.16,11.51,21.99,17.76,8.03
2023-04-10,FR,306.439,975.263,3.183,0.272,0.698,255.56,-0.16,13.6,0,0,0,9.94,16.72,13.88,23.6,4.03
2023-04-17,FR,294.448,973.304,3.306,0.065,0.693,124.96,0.56,12.5,0,0,0,21.47,31.67,13.4,9.37,3.42
2023-04-24,FR,301.136,983.557,3.266,0.106,0.723,122.93,0.84,14.0,0,0,0,12.3,36.72,24.58,16.44,2.91
2023-05-01,FR,302.427,980.792,3.243,0.266,0.736,212.1,0.66,16.2,0,0,0,18.81,16.19,16.89,9.51,40.67
2023-05-08,FR,341.155,1078.813,3.162,0.286,0.746,179.64,2.0,13.2,0,0,0,118.84,18.28,9.87,26.15,22.08
2023-05-15,FR,310.51,1019.056,3.282,0.241,0.716,173.12,2.62,15.7,0,0,0,68.31,11.76,10.0,15.99,19.09
2023-05-22,FR,270.796,924.234,3.413,0.053,0.726,155.27,2.68,18.7,0,0,0,105.21,19.1,0.0,25.18,6.36
2023-05-29,FR,328.396,1074.305,3.271,0.316,0.713,117.0,1.97,22.6,0,0,0,122.28,18.43,12.56,14.46,5.98
2023-06-05,FR,247.916,846.606,3.415,0.064,0.702,120.06,1.13,20.1,0,0,0,12.38,12.92,8.44,8.02,3.55
2023-06-12,FR,257.287,829.652,3.225,0.251,0.671,170.14,1.42,23.9,0,0,0,14.3,15.0,22.89,12.03,3.53
2023-06-19,FR,266.738,855.631,3.208,0.178,0.743,157.99,1.21,22.7,0,0,0,7.29,17.88,8.7,45.76,3.67
2023-06-26,FR,246.865,825.623,3.344,0.004,0.731,111.11,1.55,22.4,0,0,0,6.99,26.58,8.13,13.42,18.8
2023-07-03,FR,288.998,928.763,3.214,0.478,0.737,196.29,1.01,23.4,0,0,0,11.92,27.92,5.96,19.02,17.37
2023-07-10,FR,236.534,787.714,3.33,0.11,0.726,133.22,0.6,23.2,0,0,0,5.31,34.84,10.59,9.42,25.28
2023-07-17,FR,218.381,726.26,3.326,0.175,0.741,211.6,0.79,23.1,0,0,0,8.16,11.39,10.15,11.14,3.59
2023-07-24,FR,231.855,754.497,3.254,0.123,0.716,175.34,1.37,22.9,0,0,0,10.06,6.7,15.04,18.07,18.1
2023-07-31,FR,288.51,952.41,3.301,0.261,0.756,184.06,0.86,21.4,0,0,0,91.77,15.81,10.29,22.28,36.15
2023-08-07,FR,335.863,1069.491,3.184,0.38,0.755,169.79,0.85,25.2,0,0,0,124.63,10.89,12.73,21.98,55.94
2023-08-14,FR,308.255,1021.267,3.313,0.091,0.763,177.43,0.96,21.7,0,0,0,115.45,20.72,13.05,10.91,20.83
2023-08-21,FR,292.133,998.144,3.417,0.07,0.714,153.68,0.56,20.0,0,0,0,55.55,16.37,14.67,9.31,28.11
2023-08-28,FR,320.454,1062.923,3.317,0.189,0.747,105.83,0.69,19.3,0,0,0,81.72,15.12,0.0,10.54,15.16
2023-09-04,FR,341.591,1121.893,3.284,0.03,0.726,132.58,2.28,20.9,0,0,0,112.07,20.24,13.0,0.0,7.42
2023-09-11,FR,401.369,1266.945,3.157,0.471,0.728,185.42,4.13,19.9,0,0,0,13.1,30.93,18.32,17.05,3.3
2023-09-18,FR,381.963,1242.681,3.253,0.284,0.74,186.72,2.53,17.9,0,0,0,18.22,25.7,26.34,24.29,5.56
2023-09-25,FR,323.701,1079.291,3.334,0.036,0.734,227.69,2.65,14.7,0,0,0,11.4,23.23,44.99,10.96,7.1
2023-10-02,FR,352.179,1178.512,3.346,0.087,0.707,105.55,2.54,17.0,0,0,0,79.6,18.02,13.08,13.07,7.86
2023-10-09,FR,417.544,1347.433,3.227,0.261,0.752,168.93,3.56,13.0,0,0,0,291.94,16.77,14.31,24.61,4.02
2023-10-16,FR,366.083,1256.109,3.431,0.097,0.754,183.41,3.65,14.6,0,0,0,100.34,29.13,19.33,23.33,4.79
2023-10-23,FR,549.698,1653.545,3.008,0.727,0.744,240.73,3.14,8.5,0,0,0,116.68,22.79,28.22,20.8,5.82
2023-10-30,FR,499.824,1573.19,3.147,0.449,0.745,282.83,4.17,13.4,0,0,0,181.59,19.08,23.19,45.96,3.7
2023-11-06,FR,418.073,1408.429,3.369,0.102,0.724,105.35,4.73,11.1,0,0,0,125.23,33.27,17.51,17.24,34.95
2023-11-13,FR,435.27,1457.97,3.35,0.168,0.754,183.86,3.5,8.3,0,0,0,205.6,27.97,29.83,34.71,55.22
2023-11-20,FR,575.551,1816.575,3.156,0.5,0.782,146.2,2.63,7.0,0,0,0,318.63,25.78,14.05,27.02,65.12
2023-11-27,FR,392.062,1361.621,3.473,0.042,0.724,127.74,3.31,6.0,0,0,0,144.84,50.18,19.98,23.29,29.53
2023-12-04,FR,447.09,1553.602,3.475,0.079,0.739,176.79,3.28,7.3,1,0,0,385.07,23.21,17.2,19.78,33.87
2023-12-11,FR,464.369,1536.361,3.308,0.143,0.736,257.68,2.43,4.9,1,0,0,115.16,41.26,16.26,14.49,35.95
2023-12-18,FR,450.398,1516.467,3.367,0.072,0.737,111.66,2.6,7.5,1,0,0,57.57,31.07,14.56,16.91,73.95
2023-12-25,FR,591.608,1818.659,3.074,0.589,0.765,163.47,3.98,3.2,1,0,0,22.63,34.64,18.44,23.63,5.67
2024-01-01,FR,453.95,1489.037,3.28,0.227,0.784,202.06,4.07,5.2,0,0,0,24.42,30.73,18.13,19.8,7.31
2024-01-08,FR,473.972,1570.763,3.314,0.286,0.784,119.06,4.08,6.1,0,0,0,12.72,41.48,13.48,20.24,10.36
2024-01-15,FR,385.414,1286.35,3.338,0.124,0.727,184.22,5.5,2.2,0,0,0,12.23,50.13,13.55,25.25,8.79
2024-01-22,FR,439.615,1432.707,3.259,0.298,0.754,118.61,5.51,4.2,0,0,0,14.16,18.32,17.23,41.11,58.45
2024-01-29,FR,400.621,1360.969,3.397,0.064,0.748,165.24,6.73,1.3,0,0,0,10.56,43.79,26.41,30.95,69.09
2024-02-05,FR,387.08,1335.13,3.449,0.077,0.78,152.19,6.79,-0.6,0,0,1,18.58,25.65,14.47,25.92,24.18
2024-02-12,FR,408.063,1402.328,3.437,0.14,0.788,235.22,6.73,4.5,0,0,1,14.28,31.49,24.55,17.65,48.85
2024-02-19,FR,409.89,1330.157,3.245,0.285,0.75,195.53,6.11,4.9,0,0,0,32.55,30.17,21.14,22.6,6.84
2024-02-26,FR,386.184,1301.029,3.369,0.09,0.724,135.66,4.91,6.2,0,0,0,170.46,22.17,24.33,26.78,4.97
2024-03-04,FR,410.448,1376.46,3.354,0.262,0.773,146.34,4.95,3.8,0,0,0,103.57,21.32,11.25,18.1,57.81
2024-03-11,FR,372.032,1295.561,3.482,0.047,0.761,109.56,5.21,7.2,0,1,0,101.81,27.1,14.36,27.0,60.52
2024-03-18,FR,458.078,1500.203,3.275,0.359,0.781,186.56,4.4,4.9,0,1,0,174.11,19.93,23.56,22.22,31.09
2024-03-25,FR,459.881,1514.847,3.294,0.421,0.774,76.19,3.98,7.8,0,1,0,20.41,30.57,36.7,26.61,21.95
2024-04-01,FR,357.506,1208.372,3.38,0.192,0.768,202.56,3.81,12.4,0,0,0,8.85,13.76,14.31,60.24,13.51
2024-04-08,FR,350.27,1183.497,3.379,0.157,0.752,109.42,2.49,8.3,0,0,0,15.44,21.2,9.52,22.52,10.59
2024-04-15,FR,298.502,1014.629,3.399,0.055,0.745,115.98,2.04,13.8,0,0,0,16.31,35.47,18.75,23.19,4.14
2024-04-22,FR,314.779,1079.087,3.428,0.063,0.783,158.24,0.5,11.0,0,0,0,14.63,20.05,26.85,17.23,5.45
2024-04-29,FR,273.761,939.513,3.432,0.144,0.751,134.49,0.14,15.5,0,0,0,18.34,14.92,16.94,25.31,4.84
2024-05-06,FR,331.747,1108.593,3.342,0.289,0.771,108.18,0.14,13.9,0,0,0,10.91,19.61,12.2,14.3,7.96
2024-05-13,FR,291.641,966.012,3.312,0.204,0.762,136.28,1.05,14.7,0,0,0,6.66,13.82,11.94,18.9,2.73
2024-05-20,FR,280.665,926.659,3.302,0.195,0.755,225.53,-0.45,14.6,0,0,0,17.47,25.17,21.07,9.12,4.04
2024-05-27,FR,317.152,995.164,3.138,0.387,0.735,125.0,-1.23,19.8,0,0,0,8.15,19.42,34.53,31.94,3.19
2024-06-03,FR,282.681,948.675,3.356,0.185,0.789,86.34,-0.67,16.6,0,0,0,9.67,16.65,22.97,0.0,3.5
2024-06-10,FR,291.297,974.088,3.344,0.296,0.808,219.87,-0.23,21.1,0,0,0,12.02,22.48,16.91,11.31,2.71
2024-06-17,FR,248.917,863.177,3.468,0.088,0.742,100.33,-0.5,21.1,0,0,0,6.47,16.52,15.53,27.57,2.66
2024-06-24,FR,252.747,873.508,3.456,0.052,0.803,119.33,0.99,18.1,0,0,0,9.63,12.85,12.24,16.85,4.01
2024-07-01,FR,296.06,935.573,3.16,0.46,0.729,186.12,0.56,21.8,0,0,0,6.77,14.25,12.92,18.77,3.81
2024-07-08,FR,224.494,798.2,3.556,0.059,0.798,147.88,1.27,20.7,0,0,0,7.6,12.0,11.62,15.64,2.33
2024-07-15,FR,231.805,795.321,3.431,0.106,0.771,158.3,1.99,23.7,0,0,0,6.75,10.77,6.4,13.61,3.35
2024-07-22,FR,261.891,878.536,3.355,0.224,0.784,147.75,0.62,23.3,0,0,0,6.46,20.06,5.36,20.36,2.51
2024-07-29,FR,322.307,1055.188,3.274,0.466,0.773,119.29,1.02,25.7,0,0,0,13.68,13.46,15.42,13.85,4.91
2024-08-05,FR,247.464,876.446,3.542,0.049,0.835,174.63,1.33,23.2,0,0,0,13.68,14.51,13.0,11.41,5.34
2024-08-12,FR,307.121,1015.553,3.307,0.334,0.78,144.51,0.34,22.4,0,0,0,11.96,26.24,11.58,28.47,6.41
2024-08-19,FR,313.995,1038.089,3.306,0.218,0.745,90.6,1.69,22.5,0,0,0,9.95,12.82,16.68,18.63,4.16
2024-08-26,FR,286.276,982.687,3.433,0.179,0.793,167.88,1.53,21.6,0,0,0,8.41,16.27,17.7,27.83,3.94
2024-09-02,FR,333.188,1124.702,3.376,0.284,0.818,135.77,2.92,19.8,0,0,0,5.58,18.85,12.15,21.05,5.09
2024-09-09,FR,319.93,1092.66,3.415,0.134,0.767,183.56,1.77,20.4,0,0,0,76.68,41.58,11.96,30.63,4.46
2024-09-16,FR,338.388,1190.231,3.517,0.134,0.812,156.5,1.2,18.8,0,0,0,86.68,23.45,24.76,12.77,5.57
2024-09-23,FR,375.981,1279.97,3.404,0.143,0.747,108.05,1.68,18.2,0,0,0,112.4,27.51,13.91,31.94,4.8
2024-09-30,FR,428.232,1447.976,3.381,0.259,0.822,103.78,1.36,13.7,0,0,0,144.41,27.36,21.29,29.49,3.92
2024-10-07,FR,436.643,1425.233,3.264,0.35,0.769,188.56,2.34,14.8,0,0,0,104.96,17.93,21.26,19.32,6.71
2024-10-14,FR,445.917,1498.828,3.361,0.213,0.81,125.97,1.97,15.5,0,0,0,112.7,32.42,19.25,34.21,8.46
2024-10-21,FR,461.018,1558.402,3.38,0.277,0.809,116.2,0.28,13.8,0,0,0,13.52,39.32,20.11,35.19,54.33
2024-10-28,FR,437.269,1518.573,3.473,0.215,0.819,149.56,1.2,12.8,0,0,0,16.29,54.27,22.07,29.26,28.99
2024-11-04,FR,430.955,1479.922,3.434,0.003,0.824,186.12,0.99,11.6,0,0,0,140.49,28.56,22.32,38.87,71.49
2024-11-11,FR,415.253,1481.789,3.568,0.08,0.813,189.99,1.0,9.8,0,0,0,85.7,38.46,15.53,22.75,25.1
2024-11-18,FR,464.007,1575.434,3.395,0.255,0.779,137.76,0.77,10.0,0,0,0,118.04,43.78,22.18,21.58,36.64
2024-11-25,FR,454.242,1511.213,3.327,0.173,0.788,151.74,1.37,5.3,0,0,0,124.48,33.06,30.35,0.0,48.76
2024-12-02,FR,480.904,1586.503,3.299,0.314,0.787,288.34,1.94,7.5,0,0,0,88.25,68.14,42.92,37.27,48.17
2024-12-09,FR,541.364,1818.29,3.359,0.364,0.806,107.61,-0.37,5.7,1,0,0,83.65,65.15,40.63,33.78,42.96
2024-12-16,FR,641.142,1959.295,3.056,0.628,0.788,121.25,-0.06,4.0,1,0,0,199.38,55.23,10.54,17.44,40.29
2024-12-23,FR,498.344,1663.59,3.338,0.254,0.795,164.08,-1.49,4.4,1,0,0,24.56,21.41,35.19,39.84,6.26
2024-12-30,FR,540.996,1763.567,3.26,0.524,0.818,202.79,-1.39,4.0,1,0,0,16.39,30.48,24.81,43.38,10.24
2025-01-06,FR,471.833,1633.142,3.461,0.293,0.838,140.82,-1.54,0.8,0,0,0,18.13,43.51,16.89,63.2,10.42
2025-01-13,FR,399.635,1360.976,3.406,0.09,0.801,155.36,-1.07,1.3,0,0,0,24.0,34.04,0.0,31.08,7.36
2025-01-20,FR,481.914,1559.593,3.236,0.519,0.81,240.75,-2.61,4.8,0,0,0,12.69,18.08,38.38,54.2,4.9
2025-01-27,FR,372.837,1315.597,3.529,0.132,0.809,180.13,-2.81,1.5,0,0,0,17.54,35.09,25.68,17.82,8.6
2025-02-03,FR,369.91,1282.632,3.467,0.11,0.812,212.81,-1.28,5.1,0,0,0,23.46,64.78,20.35,46.81,74.87
2025-02-10,FR,459.603,1552.173,3.377,0.252,0.825,93.01,0.47,5.2,0,0,1,12.82,55.87,17.74,42.4,57.21
2025-02-17,FR,435.186,1500.547,3.448,0.121,0.815,115.97,-0.68,5.3,0,0,0,18.1,41.58,21.28,0.0,34.49
2025-02-24,FR,393.896,1377.994,3.498,0.12,0.825,193.35,-1.19,5.2,0,0,0,8.26,31.11,20.09,38.22,37.24
2025-03-03,FR,358.322,1264.987,3.53,0.046,0.814,289.76,-2.3,8.5,0,0,0,16.3,29.58,15.41,13.33,66.8
2025-03-10,FR,374.995,1262.475,3.367,0.265,0.776,214.6,-2.57,7.5,0,0,0,14.79,31.92,0.0,28.44,44.81
2025-03-17,FR,354.356,1204.95,3.4,0.178,0.815,280.8,-1.71,9.9,0,0,0,29.19,23.6,14.56,30.97,4.12
2025-03-24,FR,398.973,1351.185,3.387,0.363,0.831,147.83,-0.95,10.5,0,0,0,15.75,23.12,21.93,26.86,8.89
2025-03-31,FR,529.627,1594.79,3.011,0.787,0.803,213.74,-1.61,9.4,0,1,0,11.99,28.21,8.73,33.76,4.62
2025-04-07,FR,366.72,1237.186,3.374,0.299,0.837,118.83,-2.26,10.4,0,1,0,16.46,52.84,13.2,32.39,9.76
2025-04-14,FR,446.961,1445.449,3.234,0.493,0.798,126.51,-3.56,11.9,0,1,0,14.29,30.61,42.15,14.39,12.28
2025-04-21,FR,368.555,1228.509,3.333,0.427,0.815,158.6,-4.18,14.3,0,0,0,9.16,26.59,21.37,27.24,8.77
2025-04-28,FR,269.253,976.472,3.627,0.007,0.818,223.08,-3.7,12.4,0,0,0,12.48,34.65,33.6,17.66,6.52
2025-05-05,FR,338.258,1154.977,3.414,0.254,0.781,133.31,-3.56,12.4,0,0,0,23.79,41.43,24.07,33.23,4.9
2025-05-12,FR,278.383,997.298,3.582,0.033,0.806,153.7,-2.81,16.5,0,0,0,13.65,33.86,23.68,23.79,2.86
2025-05-19,FR,319.448,1083.083,3.39,0.248,0.798,209.12,-2.16,15.0,0,0,0,6.75,15.24,20.82,29.8,3.56
2025-05-26,FR,265.921,953.24,3.585,0.139,0.819,100.56,-1.37,17.4,0,0,0,10.19,39.08,12.82,48.78,2.98
2025-06-02,FR,308.157,1045.026,3.391,0.243,0.834,218.88,-0.74,20.3,0,0,0,12.32,28.25,16.43,31.03,3.53
2025-06-09,FR,273.634,966.879,3.533,0.266,0.787,204.39,-1.48,21.3,0,0,0,10.08,13.02,25.13,8.98,4.66
2025-06-16,FR,271.032,924.368,3.411,0.155,0.812,153.8,-0.98,24.3,0,0,0,16.63,17.35,15.68,12.43,3.33
2025-06-23,FR,275.193,951.278,3.457,0.171,0.835,269.94,-1.92,19.7,0,0,0,8.39,8.81,12.35,18.38,5.24
2025-06-30,FR,275.534,946.149,3.434,0.259,0.851,109.24,-3.72,19.1,0,0,0,16.71,13.81,13.0,19.93,2.83
2025-07-07,FR,281.953,960.092,3.405,0.272,0.853,150.55,-5.18,24.2,0,0,0,7.42,17.41,21.93,18.27,4.33
2025-07-14,FR,262.416,890.564,3.394,0.104,0.828,194.18,-5.37,20.3,0,0,0,9.18,19.84,8.2,17.04,5.46
2025-07-21,FR,243.118,854.319,3.514,0.223,0.83,162.43,-4.76,24.0,0,0,0,14.12,15.91,25.88,24.15,2.88
2025-07-28,FR,250.361,874.251,3.492,0.126,0.85,103.5,-4.33,19.5,0,0,0,5.54,20.33,12.55,13.93,3.64
2025-08-04,FR,349.17,1148.015,3.288,0.577,0.845,125.46,-5.73,20.7,0,0,0,7.49,16.75,13.62,22.71,2.86
2025-08-11,FR,318.527,1068.973,3.356,0.34,0.861,97.72,-6.01,23.7,0,0,0,13.26,24.77,13.11,18.02,3.32
2025-08-18,FR,282.61,999.376,3.536,0.142,0.811,206.39,-5.43,18.8,0,0,0,129.79,22.7,17.55,32.57,4.91
2025-08-25,FR,341.171,1191.265,3.492,0.257,0.847,217.35,-5.27,20.9,0,0,0,64.59,29.85,18.18,25.54,5.2
2025-09-01,FR,348.629,1228.491,3.524,0.058,0.85,112.75,-5.54,21.1,0,0,0,104.6,35.53,21.49,17.2,6.81
2025-09-08,FR,366.555,1267.549,3.458,0.31,0.858,187.46,-6.16,17.0,0,0,0,60.0,34.79,16.8,18.07,27.39
2025-09-15,FR,417.578,1434.517,3.435,0.288,0.795,86.44,-6.92,19.3,0,0,0,112.93,25.71,13.58,55.63,39.75
2025-09-22,FR,402.355,1377.401,3.423,0.275,0.842,104.13,-6.84,19.6,0,0,0,25.19,15.82,16.65,35.9,48.5
2025-09-29,FR,353.569,1293.375,3.658,0.092,0.86,153.78,-5.71,16.2,0,0,0,13.51,35.8,15.21,38.81,38.02
2025-10-06,FR,363.216,1340.084,3.689,0.044,0.863,140.22,-4.26,14.9,0,0,0,13.11,18.83,13.44,25.6,44.71
2025-10-13,FR,373.787,1366.752,3.657,0.125,0.863,132.06,-5.7,16.4,0,0,0,24.93,42.03,27.01,0.0,24.71
2025-10-20,FR,367.135,1319.519,3.594,0.053,0.802,163.3,-5.49,10.3,0,0,0,137.99,49.81,27.84,15.23,30.79
2025-10-27,FR,480.503,1623.538,3.379,0.261,0.832,108.27,-3.95,13.1,0,0,0,156.58,47.88,12.72,43.45,65.88
2025-11-03,FR,443.658,1546.526,3.486,0.08,0.859,116.42,-5.41,10.5,0,0,0,170.29,53.12,16.32,33.66,24.25
2025-11-10,FR,408.005,1463.861,3.588,0.083,0.837,205.15,-5.33,10.5,0,0,0,110.82,51.41,36.42,52.15,23.77
2025-11-17,FR,560.332,1878.991,3.353,0.374,0.822,104.67,-4.01,8.1,0,0,0,164.98,26.41,31.29,56.67,48.27
2025-11-24,FR,480.758,1685.337,3.506,0.223,0.833,333.36,-3.04,5.1,0,0,0,221.77,23.03,40.75,37.19,27.24
2025-12-01,FR,464.189,1614.132,3.477,0.205,0.847,130.33,-1.86,7.2,0,0,0,104.46,16.91,19.13,41.89,80.14
2025-12-08,FR,514.688,1778.942,3.456,0.145,0.861,146.48,-1.75,6.3,1,0,0,163.33,38.33,11.52,53.82,74.19
2025-12-15,FR,665.709,2081.857,3.127,0.783,0.85,161.29,-1.58,3.6,1,0,0,103.65,43.71,14.43,31.97,36.96
2025-12-22,FR,533.402,1846.87,3.462,0.373,0.839,201.05,-0.15,1.0,1,0,0,29.89,42.08,29.98,50.3,7.47
2023-01-02,IT,273.202,814.932,2.983,0.089,0.686,120.47,-2.45,5.4,0,0,0,10.73,15.04,0.0,21.12,3.2
2023-01-09,IT,370.131,1055.33,2.851,0.322,0.712,108.9,-3.12,4.6,0,0,0,34.7,18.56,16.82,13.03,3.89
2023-01-16,IT,427.72,1186.283,2.774,0.589,0.725,106.57,-2.26,4.4,0,0,0,26.06,12.71,14.06,14.37,37.11
2023-01-23,IT,358.102,1017.233,2.841,0.199,0.747,119.82,-1.72,6.5,0,0,0,23.71,15.59,9.69,19.19,40.72
2023-01-30,IT,415.37,1160.134,2.793,0.344,0.735,158.68,0.5,7.1,0,0,0,20.79,24.94,14.84,15.08,41.86
2023-02-06,IT,309.306,918.815,2.971,0.198,0.729,162.73,1.84,11.5,0,0,1,10.36,19.68,16.74,17.43,55.06
2023-02-13,IT,248.479,756.398,3.044,0.013,0.685,217.26,2.29,5.7,0,0,1,10.81,14.98,8.83,24.19,25.09
2023-02-20,IT,350.392,1024.594,2.924,0.262,0.747,79.85,3.15,5.6,0,0,0,24.82,19.01,25.06,25.18,42.84
2023-02-27,IT,278.281,852.785,3.064,0.064,0.724,218.03,4.31,4.4,0,0,0,17.99,12.44,18.4,18.32,31.75
2023-03-06,IT,359.637,999.64,2.78,0.444,0.691,198.15,4.78,7.3,0,0,0,17.26,23.72,6.64,16.52,50.62
2023-03-13,IT,315.768,917.119,2.904,0.303,0.697,114.53,5.29,10.2,0,0,0,10.65,16.04,13.57,9.74,3.57
2023-03-20,IT,294.921,884.598,2.999,0.14,0.741,136.77,4.56,6.4,0,1,0,11.54,30.51,10.19,17.27,27.44
2023-03-27,IT,424.225,1133.452,2.672,0.649,0.71,163.37,4.32,9.7,0,1,0,11.79,10.53,19.99,14.66,24.21
2023-04-03,IT,323.828,918.639,2.837,0.353,0.72,145.28,3.96,12.7,0,1,0,15.56,11.11,16.08,14.6,21.45
2023-04-10,IT,314.882,906.924,2.88,0.35,0.684,154.79,4.57,12.0,0,0,0,19.17,12.31,15.27,20.09,6.09
2023-04-17,IT,204.897,632.89,3.089,0.044,0.702,214.56,3.86,17.5,0,0,0,24.84,15.15,11.32,10.05,4.43
2023-04-24,IT,238.722,735.789,3.082,0.071,0.733,122.77,3.33,16.4,0,0,0,78.65,13.89,13.0,19.52,5.5
2023-05-01,IT,273.327,817.839,2.992,0.178,0.714,127.86,4.13,17.9,0,0,0,84.44,12.98,14.23,10.52,5.74
2023-05-08,IT,218.928,674.699,3.082,0.022,0.681,60.07,5.47,17.8,0,0,0,57.22,19.36,6.01,8.84,3.26
2023-05-15,IT,252.408,757.299,3.0,0.134,0.695,118.47,5.03,18.5,0,0,0,34.63,15.71,9.8,10.37,4.4
2023-05-22,IT,261.888,755.095,2.883,0.27,0.714,92.76,5.0,24.1,0,0,0,87.67,7.77,8.83,9.47,4.75
2023-05-29,IT,327.765,923.067,2.816,0.427,0.704,57.13,5.49,21.5,0,0,0,37.85,12.03,9.06,13.02,4.22
2023-06-05,IT,241.484,704.592,2.918,0.189,0.709,205.05,5.63,20.1,0,0,0,8.28,6.86,12.03,24.55,5.12
2023-06-12,IT,210.412,652.838,3.103,0.064,0.724,152.79,6.43,23.4,0,0,0,9.79,20.82,7.15,22.69,3.64
2023-06-19,IT,216.057,658.554,3.048,0.087,0.725,81.13,7.19,25.3,0,0,0,11.06,8.56,5.1,11.08,1.53
2023-06-26,IT,232.3,687.752,2.961,0.137,0.754,101.85,6.22,27.7,0,0,0,56.99,12.64,5.01,11.15,4.34
2023-07-03,IT,234.601,702.418,2.994,0.243,0.751,147.82,5.22,28.1,0,0,0,79.23,9.06,9.87,18.18,1.24
2023-07-10,IT,228.98,692.467,3.024,0.131,0.749,69.33,5.72,27.7,0,0,0,81.35,8.77,4.85,16.17,3.53
2023-07-17,IT,213.259,647.987,3.039,0.128,0.712,86.37,7.23,27.0,0,0,0,46.3,5.71,6.33,8.68,4.24
2023-07-24,IT,201.024,618.638,3.077,0.15,0.737,121.39,7.59,25.9,0,0,0,39.58,9.54,9.1,0.0,1.79
2023-07-31,IT,228.193,704.374,3.087,0.117,0.719,108.04,6.5,24.3,0,0,0,70.48,10.39,5.97,13.99,1.81
2023-08-07,IT,228.818,677.517,2.961,0.188,0.767,140.42,5.82,28.9,0,0,0,10.43,13.39,4.39,19.66,3.55
2023-08-14,IT,340.333,964.021,2.833,0.535,0.716,102.78,5.95,24.7,0,0,0,73.92,19.42,8.83,34.96,4.32
2023-08-21,IT,245.151,763.157,3.113,0.083,0.73,272.73,6.31,26.2,0,0,0,88.34,22.72,10.39,14.55,3.74
2023-08-28,IT,249.825,782.819,3.133,0.084,0.748,97.15,6.52,25.8,0,0,0,43.42,35.19,6.48,20.85,2.36
2023-09-04,IT,334.025,980.807,2.936,0.262,0.732,86.93,7.52,20.4,0,0,0,71.95,7.88,13.19,17.48,46.07
2023-09-11,IT,313.714,945.831,3.015,0.205,0.711,155.01,7.67,23.1,0,0,0,150.47,33.43,7.54,19.12,33.39
2023-09-18,IT,319.865,945.265,2.955,0.17,0.724,202.14,6.76,19.8,0,0,0,73.69,19.57,6.22,14.01,17.13
2023-09-25,IT,346.552,1045.722,3.018,0.226,0.777,88.18,7.33,17.3,0,0,0,16.13,21.14,15.5,17.33,5.94
2023-10-02,IT,337.573,1006.773,2.982,0.183,0.749,112.15,5.66,17.3,0,0,0,10.96,16.35,13.63,23.83,1.82
2023-10-09,IT,283.597,870.923,3.071,0.005,0.749,151.74,4.68,18.2,0,0,0,20.98,18.37,0.0,15.41,5.62
2023-10-16,IT,260.253,812.346,3.121,0.054,0.761,196.55,3.38,19.7,0,0,0,15.47,23.62,7.95,24.24,2.46
2023-10-23,IT,393.955,1122.713,2.85,0.395,0.756,143.12,2.16,16.2,0,0,0,10.94,22.66,6.74,24.11,5.89
2023-10-30,IT,268.745,857.099,3.189,0.056,0.706,166.89,4.35,15.7,0,0,0,27.6,14.48,12.78,20.89,5.63
2023-11-06,IT,339.635,1035.169,3.048,0.181,0.751,81.35,4.5,12.7,0,0,0,42.44,15.44,11.71,46.54,52.29
2023-11-13,IT,336.594,1046.024,3.108,0.117,0.714,87.74,3.13,11.3,0,0,0,76.45,15.09,10.69,32.73,37.55
2023-11-20,IT,306.396,937.216,3.059,0.047,0.775,107.42,4.04,8.7,0,0,0,147.79,17.08,14.5,31.22,30.07
2023-11-27,IT,357.137,1105.701,3.096,0.058,0.762,128.63,3.91,7.7,0,0,0,74.5,13.79,19.58,35.1,22.72
2023-12-04,IT,611.492,1671.607,2.734,0.937,0.739,119.4,4.01,8.0,1,0,0,70.03,15.64,10.34,25.47,25.2
2023-12-11,IT,398.162,1180.007,2.964,0.248,0.746,151.11,5.01,7.7,1,0,0,66.74,31.94,15.41,21.58,50.53
2023-12-18,IT,414.124,1234.746,2.982,0.328,0.72,119.62,4.33,3.1,1,0,0,91.89,28.2,14.27,30.29,38.03
2023-12-25,IT,479.649,1397.125,2.913,0.505,0.719,103.31,4.28,5.2,1,0,0,16.99,18.94,32.74,27.72,6.59
2024-01-01,IT,384.514,1155.696,3.006,0.34,0.751,167.3,3.53,4.1,0,0,0,10.24,16.41,12.89,32.31,5.93
2024-01-08,IT,291.585,919.776,3.154,0.084,0.78,214.01,3.44,8.9,0,0,0,18.85,12.77,10.76,26.38,3.62
2024-01-15,IT,288.818,892.479,3.09,0.113,0.723,149.2,3.8,5.5,0,0,0,19.23,20.34,15.76,22.78,5.6
2024-01-22,IT,318.72,974.433,3.057,0.139,0.761,115.68,3.71,8.3,0,0,0,20.04,10.81,39.08,20.75,4.42
2024-01-29,IT,359.629,1058.229,2.943,0.282,0.757,110.98,3.6,6.5,0,0,0,10.67,25.76,10.27,16.02,2.6
2024-02-05,IT,278.599,878.068,3.152,0.119,0.762,129.94,3.48,4.3,0,0,1,17.79,20.74,11.0,15.8,6.73
2024-02-12,IT,272.313,871.638,3.201,0.027,0.774,154.4,2.95,8.5,0,0,1,10.83,14.88,13.48,35.72,4.09
2024-02-19,IT,288.876,887.874,3.074,0.103,0.777,96.59,2.57,2.7,0,0,0,14.28,11.74,9.38,23.17,4.29
2024-02-26,IT,415.659,1189.549,2.862,0.461,0.768,119.99,2.45,9.0,0,0,0,103.36,14.42,17.93,24.51,5.86
2024-03-04,IT,283.647,885.354,3.121,0.064,0.761,138.17,2.06,9.2,0,0,0,173.32,26.81,0.0,17.06,4.23
2024-03-11,IT,311.471,967.086,3.105,0.119,0.776,136.49,1.79,12.1,0,1,0,135.74,23.64,13.77,17.27,4.24
2024-03-18,IT,352.635,1051.903,2.983,0.282,0.761,113.62,1.43,13.5,0,1,0,114.75,18.71,11.75,24.45,7.82
2024-03-25,IT,312.384,983.05,3.147,0.11,0.783,142.01,2.13,8.8,0,1,0,145.36,19.53,17.19,21.35,31.18
2024-04-01,IT,320.274,976.02,3.047,0.158,0.774,121.37,2.63,10.4,0,0,0,9.05,18.66,0.0,32.39,38.14
2024-04-08,IT,277.188,871.11,3.143,0.074,0.738,90.24,2.08,10.9,0,0,0,9.33,20.79,13.25,8.66,10.12
2024-04-15,IT,264.585,816.334,3.085,0.09,0.76,146.73,2.78,14.3,0,0,0,11.95,9.91,8.57,19.25,25.88
2024-04-22,IT,275.649,853.13,3.095,0.102,0.797,154.99,3.54,15.3,0,0,0,16.49,16.19,11.87,20.01,29.36
2024-04-29,IT,303.183,896.557,2.957,0.334,0.77,160.63,3.62,17.8,0,0,0,13.72,13.76,0.0,14.51,21.28
2024-05-06,IT,240.358,768.614,3.198,0.059,0.774,166.35,4.14,20.9,0,0,0,11.72,16.94,11.27,21.01,37.48
2024-05-13,IT,285.07,845.48,2.966,0.249,0.755,140.08,3.21,19.3,0,0,0,17.91,11.84,8.81,14.47,15.68
2024-05-20,IT,263.467,827.578,3.141,0.128,0.773,106.45,2.0,20.9,0,0,0,80.53,12.71,9.53,16.22,26.7
2024-05-27,IT,302.347,909.722,3.009,0.347,0.782,121.89,1.92,18.8,0,0,0,68.82,14.7,7.92,28.99,19.55
2024-06-03,IT,240.146,754.595,3.142,0.086,0.772,128.42,2.62,24.9,0,0,0,55.92,16.94,9.95,10.39,12.7
2024-06-10,IT,237.085,749.206,3.16,0.056,0.795,116.68,3.74,24.0,0,0,0,84.68,9.78,18.26,17.39,19.85
2024-06-17,IT,273.344,817.214,2.99,0.389,0.762,149.6,4.1,24.4,0,0,0,42.3,14.73,15.34,11.86,17.02
2024-06-24,IT,226.982,724.1,3.19,0.102,0.79,85.51,3.56,26.9,0,0,0,71.78,11.25,7.83,8.99,24.54
2024-07-01,IT,268.383,818.445,3.05,0.378,0.788,149.48,2.52,25.4,0,0,0,10.73,8.6,9.12,15.6,17.28
2024-07-08,IT,210.872,644.347,3.056,0.052,0.776,120.81,2.98,27.6,0,0,0,9.02,12.37,4.6,5.87,3.88
2024-07-15,IT,221.153,672.914,3.043,0.181,0.77,111.02,2.89,26.1,0,0,0,12.57,9.15,10.6,15.11,1.93
2024-07-22,IT,223.552,689.715,3.085,0.255,0.777,100.99,3.3,28.9,0,0,0,15.76,8.2,11.73,8.0,2.46
2024-07-29,IT,188.419,603.101,3.201,0.038,0.791,78.1,3.42,23.9,0,0,0,6.37,21.96,5.1,13.63,1.38
2024-08-05,IT,238.736,741.604,3.106,0.184,0.794,103.12,3.05,26.9,0,0,0,11.62,15.07,5.94,11.52,3.92
2024-08-12,IT,228.195,712.133,3.121,0.154,0.833,122.86,1.52,23.2,0,0,0,7.63,10.05,6.04,21.69,1.64
2024-08-19,IT,207.278,663.791,3.202,0.039,0.786,161.93,0.15,24.9,0,0,0,12.03,19.96,9.95,17.8,5.52
2024-08-26,IT,271.485,830.958,3.061,0.185,0.81,105.59,-0.07,22.9,0,0,0,9.81,17.56,8.11,20.62,3.6
2024-09-02,IT,267.415,821.363,3.071,0.293,0.789,223.19,-0.89,23.0,0,0,0,9.68,19.36,14.46,11.6,2.87
2024-09-09,IT,321.127,971.18,3.024,0.343,0.824,112.59,-1.09,21.4,0,0,0,11.1,18.5,0.0,30.19,4.89
2024-09-16,IT,276.908,850.928,3.073,0.283,0.8,101.06,-0.85,22.6,0,0,0,15.65,11.98,7.74,16.24,4.48
2024-09-23,IT,281.854,868.427,3.081,0.169,0.783,97.79,-0.4,22.8,0,0,0,13.91,11.44,9.54,34.16,2.21
2024-09-30,IT,271.139,868.801,3.204,0.109,0.8,88.96,-1.7,21.7,0,0,0,12.91,19.46,12.11,15.84,5.75
2024-10-07,IT,250.479,799.465,3.192,0.15,0.826,131.69,-1.93,20.7,0,0,0,21.37,12.27,12.65,34.2,9.13
2024-10-14,IT,249.993,792.309,3.169,0.03,0.787,123.24,-1.83,15.5,0,0,0,21.52,17.65,19.92,32.32,2.47
2024-10-21,IT,259.036,848.381,3.275,0.013,0.797,167.48,-0.4,15.6,0,0,0,15.55,11.53,18.28,36.35,5.12
2024-10-28,IT,265.538,846.791,3.189,0.063,0.827,140.6,-0.68,11.2,0,0,0,8.89,18.35,28.33,17.75,7.86
2024-11-04,IT,272.813,878.443,3.22,0.059,0.797,141.03,-2.46,12.5,0,0,0,43.63,22.74,7.25,22.47,29.58
2024-11-11,IT,329.337,1041.234,3.162,0.123,0.771,130.3,-3.69,9.1,0,0,0,92.22,20.72,40.78,26.62,17.04
2024-11-18,IT,300.894,967.762,3.216,0.051,0.785,120.06,-2.59,11.2,0,0,0,131.42,27.34,20.3,33.83,35.19
2024-11-25,IT,395.56,1213.506,3.068,0.236,0.791,220.07,-3.71,10.4,0,0,0,72.21,23.97,15.22,53.2,46.58
2024-12-02,IT,351.446,1114.382,3.171,0.091,0.797,156.51,-3.48,8.3,0,0,0,164.37,28.27,11.78,25.81,25.63
2024-12-09,IT,402.508,1237.572,3.075,0.246,0.816,123.83,-3.85,9.3,1,0,0,78.22,26.63,21.72,27.54,14.9
2024-12-16,IT,314.252,1014.157,3.227,0.076,0.793,147.85,-4.58,7.9,1,0,0,174.5,29.72,27.97,24.66,17.86
2024-12-23,IT,567.058,1601.211,2.824,0.683,0.803,101.18,-5.29,6.1,1,0,0,25.36,20.83,21.75,42.29,3.22
2024-12-30,IT,394.171,1170.621,2.97,0.367,0.784,181.28,-4.61,2.7,1,0,0,21.49,31.3,24.23,22.41,7.24
2025-01-06,IT,317.035,1001.715,3.16,0.068,0.801,79.16,-5.54,6.2,0,0,0,12.18,24.02,16.91,21.67,4.03
2025-01-13,IT,418.386,1275.885,3.05,0.371,0.822,165.79,-3.92,7.0,0,0,0,27.86,25.79,14.53,35.62,4.64
2025-01-20,IT,292.957,943.693,3.221,0.072,0.845,125.07,-5.12,4.6,0,0,0,14.85,23.68,12.45,24.93,5.92
2025-01-27,IT,305.644,943.502,3.087,0.164,0.765,208.69,-4.72,8.2,0,0,0,14.65,20.77,8.52,52.16,2.43
2025-02-03,IT,305.434,951.509,3.115,0.218,0.783,148.93,-4.35,3.5,0,0,0,15.31,27.26,15.08,27.68,4.48
2025-02-10,IT,332.189,996.893,3.001,0.241,0.824,165.92,-4.8,7.8,0,0,1,60.63,13.11,23.3,12.82,4.16
2025-02-17,IT,317.12,1010.651,3.187,0.162,0.801,90.32,-5.9,7.9,0,0,0,125.58,15.18,31.24,22.35,4.78
2025-02-24,IT,282.414,940.937,3.332,0.029,0.784,108.49,-4.92,5.5,0,0,0,145.65,12.12,15.3,13.97,29.5
2025-03-03,IT,345.795,1085.391,3.139,0.286,0.798,150.94,-4.89,10.2,0,0,0,127.13,26.41,8.53,23.36,24.25
2025-03-10,IT,337.102,1065.639,3.161,0.23,0.834,116.12,-5.74,11.9,0,0,0,80.95,17.79,12.93,21.35,24.01
2025-03-17,IT,295.746,955.848,3.232,0.042,0.824,127.95,-5.0,14.9,0,0,0,68.88,23.45,16.34,21.47,28.19
2025-03-24,IT,344.981,1047.94,3.038,0.251,0.819,262.85,-5.74,11.2,0,0,0,10.46,36.87,24.3,13.21,21.13
2025-03-31,IT,345.596,1060.167,3.068,0.416,0.824,91.5,-5.61,12.9,0,1,0,20.82,24.37,14.22,26.09,6.76
2025-04-07,IT,353.787,1085.658,3.069,0.371,0.86,94.36,-6.53,11.0,0,1,0,17.31,8.74,20.18,14.58,5.97
2025-04-14,IT,273.84,856.779,3.129,0.199,0.822,104.43,-5.29,14.3,0,1,0,10.77,12.42,15.9,42.24,4.55
2025-04-21,IT,260.366,800.332,3.074,0.093,0.821,108.54,-5.95,17.1,0,0,0,9.21,24.89,14.28,33.36,3.35
2025-04-28,IT,351.109,1033.442,2.943,0.455,0.825,131.17,-4.32,18.2,0,0,0,46.25,16.48,13.4,12.0,3.27
2025-05-05,IT,298.024,919.187,3.084,0.278,0.851,104.03,-4.45,12.5,0,0,0,62.37,23.59,12.8,21.1,4.7
2025-05-12,IT,232.78,748.451,3.215,0.101,0.812,123.4,-4.96,15.7,0,0,0,55.85,31.39,10.26,0.0,3.48
2025-05-19,IT,222.512,710.983,3.195,0.088,0.843,99.09,-6.23,25.7,0,0,0,15.82,12.0,10.85,24.09,2.42
2025-05-26,IT,222.543,717.401,3.224,0.041,0.841,113.16,-5.89,23.9,0,0,0,5.39,34.89,8.92,18.05,3.56
2025-06-02,IT,278.441,858.832,3.084,0.304,0.824,162.19,-5.63,23.1,0,0,0,61.52,14.22,13.47,19.27,3.53
2025-06-09,IT,213.558,702.305,3.289,0.046,0.837,107.38,-5.09,24.4,0,0,0,104.64,14.16,6.03,11.69,3.39
2025-06-16,IT,225.138,731.513,3.249,0.079,0.817,91.21,-4.91,22.6,0,0,0,58.49,18.54,7.2,10.05,2.03
2025-06-23,IT,221.823,710.155,3.201,0.078,0.85,154.02,-5.03,25.9,0,0,0,49.71,47.5,12.76,8.45,12.55
2025-06-30,IT,271.615,817.363,3.009,0.432,0.83,108.74,-6.66,22.4,0,0,0,29.33,13.21,6.55,20.95,14.27
2025-07-07,IT,256.646,794.978,3.098,0.31,0.819,128.16,-6.88,23.6,0,0,0,73.91,23.53,10.27,17.33,12.3
2025-07-14,IT,262.45,816.256,3.11,0.355,0.857,113.56,-6.29,27.5,0,0,0,7.47,18.56,7.71,17.99,10.99
2025-07-21,IT,207.982,667.292,3.208,0.094,0.836,125.55,-5.0,25.0,0,0,0,6.17,13.79,5.6,14.61,3.53
2025-07-28,IT,191.17,644.663,3.372,0.107,0.829,108.65,-4.37,29.1,0,0,0,11.27,16.19,9.43,16.91,2.43
2025-08-04,IT,211.071,674.369,3.195,0.119,0.815,118.03,-3.93,23.0,0,0,0,8.52,10.72,15.72,12.66,2.63
2025-08-11,IT,260.295,804.424,3.09,0.252,0.831,130.56,-4.06,24.4,0,0,0,5.6,13.92,9.63,21.46,2.99
2025-08-18,IT,253.14,803.599,3.175,0.183,0.853,98.22,-4.4,22.2,0,0,0,11.5,10.29,14.78,13.49,10.56
2025-08-25,IT,244.902,772.769,3.155,0.242,0.831,257.27,-6.71,26.7,0,0,0,14.69,23.38,16.21,18.12,28.29
2025-09-01,IT,215.998,717.371,3.321,0.045,0.825,96.79,-6.04,24.4,0,0,0,8.79,12.7,7.77,20.19,22.42
2025-09-08,IT,273.717,878.507,3.21,0.189,0.851,155.23,-5.55,25.4,0,0,0,21.97,19.06,17.68,19.12,17.6
2025-09-15,IT,260.181,829.939,3.19,0.206,0.838,136.27,-5.35,18.3,0,0,0,8.17,11.64,11.38,17.54,3.48
2025-09-22,IT,253.801,825.162,3.251,0.01,0.888,119.02,-5.63,20.7,0,0,0,25.66,15.37,20.32,27.22,5.57
2025-09-29,IT,254.399,820.926,3.227,0.075,0.814,121.03,-4.99,18.7,0,0,0,11.29,12.03,13.27,26.29,4.0
2025-10-06,IT,316.205,996.277,3.151,0.31,0.854,169.84,-4.77,17.3,0,0,0,27.94,22.17,19.43,26.11,7.18
2025-10-13,IT,454.82,1376.436,3.026,0.577,0.879,207.48,-5.27,19.1,0,0,0,96.94,17.4,47.14,27.83,7.22
2025-10-20,IT,326.586,1033.928,3.166,0.107,0.842,87.54,-5.58,14.7,0,0,0,87.6,22.13,13.49,29.78,8.03
2025-10-27,IT,285.789,927.377,3.245,0.077,0.818,265.62,-5.63,15.5,0,0,0,68.64,37.05,11.11,25.27,5.67
2025-11-03,IT,296.986,975.151,3.283,0.082,0.843,158.04,-5.73,15.1,0,0,0,82.54,40.09,17.75,15.21,41.36
2025-11-10,IT,318.283,1036.25,3.256,0.113,0.829,103.29,-7.28,15.0,0,0,0,59.3,14.04,22.51,33.14,17.72
2025-11-17,IT,399.528,1236.568,3.095,0.327,0.839,204.43,-7.15,7.2,0,0,0,78.84,15.26,30.81,15.97,28.66
2025-11-24,IT,343.277,1124.494,3.276,0.088,0.857,174.04,-7.52,9.1,0,0,0,156.98,32.09,29.93,38.95,47.78
2025-12-01,IT,371.331,1176.724,3.169,0.132,0.835,117.21,-6.76,8.2,0,0,0,77.87,29.18,16.56,33.94,40.47
2025-12-08,IT,466.992,1417.424,3.035,0.441,0.882,276.41,-4.98,8.1,1,0,0,161.22,31.55,15.84,22.49,15.96
2025-12-15,IT,423.133,1344.29,3.177,0.444,0.876,133.15,-6.88,8.4,1,0,0,97.48,33.02,11.67,24.18,31.48
2025-12-22,IT,415.694,1282.758,3.086,0.249,0.875,176.18,-6.06,6.6,1,0,0,16.19,39.7,13.76,28.37,4.28
2023-01-02,NL,178.477,565.039,3.166,0.098,0.715,75.03,1.92,-0.7,0,0,0,6.93,22.06,18.35,19.45,1.43
2023-01-09,NL,198.383,610.25,3.076,0.24,0.668,67.35,1.83,1.4,0,0,0,7.22,17.13,8.9,15.1,0.93
2023-01-16,NL,191.432,607.344,3.173,0.266,0.695,73.72,1.41,1.8,0,0,0,4.12,7.22,8.15,16.6,1.41
2023-01-23,NL,191.006,599.969,3.141,0.227,0.698,49.34,1.82,-0.8,0,0,0,4.63,29.14,13.79,0.0,1.16
2023-01-30,NL,210.508,652.885,3.101,0.182,0.719,32.24,1.6,3.9,0,0,0,6.42,11.51,17.11,22.12,1.02
2023-02-06,NL,147.81,484.598,3.279,0.013,0.668,109.26,0.32,-1.4,0,0,1,6.34,6.15,8.31,10.02,7.5
2023-02-13,NL,178.158,566.217,3.178,0.138,0.715,45.07,-0.47,1.5,0,0,1,5.05,31.14,12.75,15.22,10.12
2023-02-20,NL,183.298,556.96,3.039,0.275,0.73,95.87,-1.85,2.6,0,0,0,6.34,10.7,14.09,5.93,5.15
2023-02-27,NL,153.909,503.058,3.269,0.085,0.698,55.88,-1.96,2.5,0,0,0,3.85,9.13,6.88,19.38,6.93
2023-03-06,NL,163.223,523.545,3.208,0.147,0.722,54.52,-1.87,5.1,0,0,0,3.74,14.01,5.9,11.74,0.42
2023-03-13,NL,208.589,630.819,3.024,0.415,0.706,43.88,-1.78,5.5,0,0,0,3.79,14.84,11.06,13.06,2.06
2023-03-20,NL,198.71,620.037,3.12,0.307,0.723,46.07,-2.85,5.9,0,1,0,33.48,10.57,14.48,11.18,1.67
2023-03-27,NL,181.835,552.993,3.041,0.51,0.732,42.39,-3.13,4.0,0,1,0,16.41,16.66,5.93,12.9,1.36
2023-04-03,NL,140.436,471.912,3.36,0.074,0.722,74.62,-2.46,6.6,0,1,0,16.72,13.4,11.62,10.83,1.24
2023-04-10,NL,152.653,482.562,3.161,0.158,0.749,71.88,-3.68,10.5,0,0,0,4.23,24.19,7.74,0.0,0.99
2023-04-17,NL,147.788,479.611,3.245,0.202,0.7,42.13,-3.46,14.0,0,0,0,3.38,12.91,9.64,15.54,1.56
2023-04-24,NL,142.036,458.885,3.231,0.121,0.735,89.55,-3.26,7.1,0,0,0,1.12,9.31,11.85,7.91,0.86
2023-05-01,NL,139.03,450.553,3.241,0.095,0.764,58.01,-3.89,12.3,0,0,0,3.05,15.04,6.41,4.97,0.79
2023-05-08,NL,153.466,471.332,3.071,0.352,0.713,56.9,-3.57,14.3,0,0,0,22.47,11.82,3.75,16.41,0.76
2023-05-15,NL,137.64,452.716,3.289,0.125,0.714,39.96,-2.75,15.4,0,0,0,30.27,11.03,5.47,10.4,1.35
2023-05-22,NL,138.669,433.392,3.125,0.221,0.714,68.8,-4.53,16.2,0,0,0,20.86,9.78,5.53,8.01,0.92
2023-05-29,NL,123.998,407.714,3.288,0.079,0.702,74.83,-5.21,18.7,0,0,0,23.99,16.84,8.54,11.9,1.14
2023-06-05,NL,145.533,449.452,3.088,0.43,0.696,74.67,-4.63,16.4,0,0,0,19.53,13.59,5.03,4.24,0.99
2023-06-12,NL,132.961,431.488,3.245,0.112,0.764,34.42,-3.67,18.5,0,0,0,3.46,9.93,4.38,7.18,11.21
2023-06-19,NL,132.209,415.363,3.142,0.224,0.713,74.11,-4.99,18.6,0,0,0,19.79,9.66,5.13,10.69,3.11
2023-06-26,NL,108.387,365.963,3.376,0.034,0.747,94.95,-4.67,18.5,0,0,0,12.73,6.57,8.59,6.05,3.84
2023-07-03,NL,121.839,394.36,3.237,0.071,0.746,55.18,-4.85,21.4,0,0,0,14.33,5.73,4.04,4.83,3.98
2023-07-10,NL,115.175,378.055,3.282,0.107,0.747,79.26,-4.44,22.3,0,0,0,15.36,6.58,6.62,6.81,5.6
2023-07-17,NL,122.063,389.876,3.194,0.197,0.695,36.37,-4.3,20.0,0,0,0,10.42,8.38,3.52,7.69,5.23
2023-07-24,NL,132.197,418.776,3.168,0.18,0.716,51.04,-4.08,21.3,0,0,0,21.68,7.35,14.33,7.87,5.07
2023-07-31,NL,128.952,418.49,3.245,0.219,0.738,61.09,-3.68,21.0,0,0,0,20.13,9.31,2.93,12.77,5.42
2023-08-07,NL,169.927,503.661,2.964,0.563,0.733,92.51,-3.38,19.9,0,0,0,14.26,17.1,7.56,10.92,0.74
2023-08-14,NL,133.653,426.796,3.193,0.097,0.736,56.76,-2.25,20.1,0,0,0,28.69,4.46,7.83,8.69,1.03
2023-08-21,NL,162.837,498.455,3.061,0.461,0.728,43.59,-2.27,23.0,0,0,0,3.25,8.39,0.0,12.16,1.09
2023-08-28,NL,157.23,497.886,3.167,0.151,0.71,38.31,-2.51,18.0,0,0,0,5.08,10.39,6.31,12.5,1.79
2023-09-04,NL,166.699,514.331,3.085,0.349,0.741,50.49,-2.14,16.9,0,0,0,3.56,10.78,8.14,18.77,1.24
2023-09-11,NL,167.93,537.8,3.203,0.24,0.728,70.6,-0.54,19.5,0,0,0,6.98,14.37,8.17,16.01,1.32
2023-09-18,NL,153.738,509.131,3.312,0.035,0.7,82.59,-0.8,18.8,0,0,0,3.26,15.33,7.25,28.26,0.88
2023-09-25,NL,185.236,573.323,3.095,0.316,0.733,53.23,-0.08,16.6,0,0,0,5.71,15.52,8.51,16.02,1.26
2023-10-02,NL,170.598,560.575,3.286,0.161,0.718,43.48,0.28,14.0,0,0,0,7.47,14.09,4.39,12.63,0.9
2023-10-09,NL,186.395,599.11,3.214,0.24,0.767,121.87,0.75,13.2,0,0,0,4.8,29.85,13.45,13.24,1.61
2023-10-16,NL,193.348,590.54,3.054,0.342,0.709,80.33,-0.29,12.8,0,0,0,3.66,10.83,10.91,9.22,2.21
2023-10-23,NL,202.97,621.757,3.063,0.365,0.725,60.54,-0.53,11.7,0,0,0,5.03,10.62,16.52,10.86,1.71
2023-10-30,NL,166.891,570.241,3.417,0.043,0.751,62.14,0.12,8.8,0,0,0,4.9,21.94,8.17,16.03,1.54
2023-11-06,NL,205.736,636.323,3.093,0.344,0.727,81.68,0.28,9.3,0,0,0,23.97,16.88,8.75,21.93,7.19
2023-11-13,NL,205.705,669.735,3.256,0.208,0.78,47.68,1.96,8.3,0,0,0,51.44,13.15,10.4,12.42,8.56
2023-11-20,NL,190.323,625.561,3.287,0.103,0.746,58.46,1.77,7.4,0,0,0,23.95,18.86,10.31,11.58,12.01
2023-11-27,NL,225.093,722.136,3.208,0.316,0.747,56.53,0.79,0.2,0,0,0,37.19,17.97,15.58,20.66,11.32
2023-12-04,NL,274.305,804.776,2.934,0.611,0.757,41.9,1.29,4.7,1,0,0,47.67,12.73,13.98,12.01,6.56
2023-12-11,NL,280.558,839.964,2.994,0.612,0.799,44.91,0.38,1.7,1,0,0,48.61,16.68,10.21,34.91,7.54
2023-12-18,NL,248.542,744.884,2.997,0.559,0.76,59.23,0.9,1.8,1,0,0,42.54,22.22,0.0,27.63,4.27
2023-12-25,NL,252.447,779.83,3.089,0.442,0.762,73.97,1.07,-0.7,1,0,0,8.06,15.61,12.32,19.46,1.65
2024-01-01,NL,268.45,818.861,3.05,0.543,0.756,52.65,0.43,-1.7,0,0,0,3.55,34.61,18.02,16.1,1.76
2024-01-08,NL,213.477,699.562,3.277,0.173,0.749,65.78,0.54,1.4,0,0,0,3.59,11.91,11.32,16.88,0.96
2024-01-15,NL,205.941,669.255,3.25,0.124,0.789,75.08,-0.26,5.2,0,0,0,41.97,13.15,10.74,19.27,1.57
2024-01-22,NL,201.968,658.955,3.263,0.132,0.77,85.37,1.02,1.8,0,0,0,37.03,25.81,10.76,14.23,1.05
2024-01-29,NL,184.775,606.496,3.282,0.018,0.753,74.33,0.07,3.4,0,0,0,34.16,21.58,10.75,13.79,1.06
2024-02-05,NL,204.797,657.367,3.21,0.278,0.737,79.99,0.34,-0.1,0,0,1,27.09,14.5,19.77,11.1,2.18
2024-02-12,NL,200.212,660.995,3.301,0.149,0.764,72.04,0.08,3.7,0,0,1,25.42,24.07,13.98,24.59,1.68
2024-02-19,NL,186.854,606.776,3.247,0.166,0.762,63.9,-0.09,1.4,0,0,0,46.21,12.53,8.7,12.05,0.85
2024-02-26,NL,189.219,623.077,3.293,0.15,0.731,57.91,-1.19,4.4,0,0,0,36.71,21.75,5.05,15.1,1.03
2024-03-04,NL,173.567,581.847,3.352,0.191,0.739,42.79,-1.37,4.3,0,0,0,8.58,14.01,23.24,28.78,1.49
2024-03-11,NL,202.732,630.785,3.111,0.322,0.73,75.96,-1.71,3.8,0,1,0,3.56,11.11,7.4,14.76,1.81
2024-03-18,NL,170.665,567.799,3.327,0.192,0.777,52.05,-1.19,7.3,0,1,0,4.84,8.23,9.5,10.38,0.99
2024-03-25,NL,183.56,592.599,3.228,0.157,0.758,44.58,-0.38,7.1,0,1,0,5.74,16.57,8.86,16.38,1.17
2024-04-01,NL,208.835,639.598,3.063,0.654,0.737,65.74,-0.36,5.4,0,0,0,4.27,10.33,11.35,9.12,1.26
2024-04-08,NL,185.068,583.601,3.153,0.353,0.748,59.84,-1.59,10.7,0,0,0,2.96,31.49,9.91,13.35,0.88
2024-04-15,NL,173.826,561.761,3.232,0.288,0.773,107.33,-2.59,10.2,0,0,0,2.38,17.89,7.47,13.2,0.76
2024-04-22,NL,140.742,486.661,3.458,0.054,0.746,55.92,-3.61,10.9,0,0,0,4.47,11.75,13.31,9.39,0.99
2024-04-29,NL,171.087,538.749,3.149,0.339,0.75,78.83,-3.3,12.7,0,0,0,3.19,10.08,5.93,12.64,0.66
2024-05-06,NL,147.147,505.239,3.434,0.034,0.766,76.91,-2.98,8.3,0,0,0,18.41,23.38,13.23,10.94,1.69
2024-05-13,NL,148.311,502.269,3.387,0.005,0.776,47.12,-3.57,15.1,0,0,0,25.65,19.02,10.09,11.26,0.97
2024-05-20,NL,133.046,454.388,3.415,0.064,0.753,76.59,-3.46,13.3,0,0,0,17.46,14.44,12.39,9.41,0.59
2024-05-27,NL,129.536,442.821,3.419,0.017,0.735,43.84,-3.83,17.8,0,0,0,4.6,8.31,11.99,9.77,0.57
2024-06-03,NL,135.219,446.38,3.301,0.15,0.793,51.32,-3.77,16.9,0,0,0,2.41,13.45,7.9,7.51,0.96
2024-06-10,NL,153.097,493.378,3.223,0.139,0.773,48.52,-3.86,20.7,0,0,0,3.03,6.19,11.51,28.99,0.98
2024-06-17,NL,134.86,449.546,3.333,0.156,0.785,59.86,-3.28,18.1,0,0,0,3.39,9.01,5.43,25.6,0.5
2024-06-24,NL,136.458,460.631,3.376,0.077,0.774,35.24,-3.21,23.4,0,0,0,3.76,16.45,10.27,9.39,0.66
2024-07-01,NL,112.006,379.191,3.385,0.087,0.773,99.0,-3.07,21.8,0,0,0,4.93,7.5,0.0,11.36,0.81
2024-07-08,NL,137.559,437.776,3.182,0.382,0.786,65.74,-4.23,18.1,0,0,0,1.86,6.28,7.96,8.56,0.98
2024-07-15,NL,118.242,393.54,3.328,0.096,0.785,29.62,-4.92,21.7,0,0,0,1.58,6.98,8.47,6.04,6.73
2024-07-22,NL,116.163,384.291,3.308,0.119,0.789,68.27,-5.13,24.2,0,0,0,3.22,5.67,7.59,8.37,4.83
2024-07-29,NL,159.135,513.806,3.229,0.204,0.799,86.37,-6.39,22.1,0,0,0,2.72,9.74,13.55,29.33,2.33
2024-08-05,NL,150.205,482.687,3.214,0.234,0.768,54.36,-6.19,17.4,0,0,0,2.5,8.97,8.74,10.81,4.67
2024-08-12,NL,144.896,474.972,3.278,0.279,0.778,57.82,-4.07,19.8,0,0,0,2.38,14.9,3.51,5.51,5.96
2024-08-19,NL,165.755,533.518,3.219,0.327,0.772,58.47,-4.03,20.8,0,0,0,4.75,18.7,4.41,12.46,0.76
2024-08-26,NL,171.022,548.278,3.206,0.215,0.776,45.77,-3.76,20.9,0,0,0,5.27,8.58,6.48,12.2,7.69
2024-09-02,NL,156.077,524.51,3.361,0.15,0.734,70.5,-2.99,17.2,0,0,0,5.65,17.32,5.5,25.29,6.46
2024-09-09,NL,183.868,594.867,3.235,0.25,0.75,43.16,-2.29,18.1,0,0,0,4.38,35.25,5.13,14.67,4.56
2024-09-16,NL,188.854,618.635,3.276,0.291,0.803,50.89,-1.19,17.4,0,0,0,7.84,13.79,9.38,10.68,3.47
2024-09-23,NL,171.164,570.852,3.335,0.188,0.766,55.04,-0.73,17.2,0,0,0,25.95,19.81,10.51,10.5,5.46
2024-09-30,NL,179.106,602.544,3.364,0.205,0.773,108.94,-0.78,16.6,0,0,0,49.05,20.74,10.81,10.27,5.87
2024-10-07,NL,220.295,711.575,3.23,0.402,0.799,63.79,-0.69,13.4,0,0,0,19.2,14.89,15.89,18.0,9.46
2024-10-14,NL,178.336,602.043,3.376,0.07,0.763,66.72,-0.82,13.5,0,0,0,27.14,10.87,11.0,9.26,10.13
2024-10-21,NL,252.547,765.181,3.03,0.622,0.832,43.38,-1.15,8.7,0,0,0,27.94,16.74,9.87,12.09,1.81
2024-10-28,NL,253.328,780.321,3.08,0.542,0.826,57.22,0.4,8.3,0,0,0,15.36,9.74,7.99,16.9,0.93
2024-11-04,NL,221.874,746.788,3.366,0.253,0.752,53.1,0.72,8.6,0,0,0,62.23,21.47,11.28,28.27,12.6
2024-11-11,NL,222.712,722.803,3.245,0.223,0.819,44.54,1.05,4.7,0,0,0,38.62,15.32,10.96,19.81,8.84
2024-11-18,NL,237.006,761.268,3.212,0.351,0.815,83.22,0.75,3.5,0,0,0,36.81,22.87,11.67,16.72,6.23
2024-11-25,NL,238.332,801.345,3.362,0.191,0.817,51.34,1.84,4.5,0,0,0,37.51,17.16,10.25,0.0,12.15
2024-12-02,NL,245.182,782.287,3.191,0.327,0.769,87.83,2.22,5.5,0,0,0,39.78,19.27,8.62,25.95,12.54
2024-12-09,NL,267.64,828.716,3.096,0.505,0.794,72.41,1.16,2.4,1,0,0,61.26,20.28,15.59,22.0,14.47
2024-12-16,NL,227.451,753.647,3.313,0.11,0.808,40.27,2.45,5.8,1,0,0,59.17,15.01,11.15,27.77,6.71
2024-12-23,NL,241.24,794.99,3.295,0.295,0.798,45.1,1.58,3.6,1,0,0,4.82,17.38,10.25,27.34,0.93
2024-12-30,NL,210.232,688.292,3.274,0.187,0.811,59.27,0.19,-1.2,1,0,0,5.45,12.14,10.22,18.26,2.12
2025-01-06,NL,196.197,651.813,3.322,0.108,0.805,59.5,0.18,0.5,0,0,0,5.23,22.72,6.3,14.07,0.99
2025-01-13,NL,224.595,763.446,3.399,0.185,0.83,64.38,0.12,0.9,0,0,0,6.23,28.94,9.16,19.2,1.42
2025-01-20,NL,217.239,704.083,3.241,0.203,0.773,57.45,0.3,-1.8,0,0,0,5.02,31.22,15.1,23.44,2.49
2025-01-27,NL,193.481,655.887,3.39,0.076,0.825,93.87,0.08,1.5,0,0,0,5.64,13.24,12.72,17.65,1.14
2025-02-03,NL,184.238,637.888,3.462,0.016,0.826,58.04,0.43,0.5,0,0,0,6.75,18.84,15.64,12.29,1.18
2025-02-10,NL,225.195,734.223,3.26,0.293,0.84,56.49,0.94,0.1,0,0,1,45.54,25.67,19.79,18.47,1.25
2025-02-17,NL,195.572,662.691,3.388,0.103,0.77,100.35,2.29,3.1,0,0,0,36.44,18.07,5.83,16.53,10.3
2025-02-24,NL,192.016,660.748,3.441,0.102,0.773,114.91,3.89,1.3,0,0,0,28.87,24.9,9.29,17.43,13.48
2025-03-03,NL,199.271,657.644,3.3,0.205,0.797,81.9,2.53,4.5,0,0,0,29.65,23.15,10.39,18.19,6.46
2025-03-10,NL,182.555,636.24,3.485,0.042,0.828,71.47,1.6,6.3,0,0,0,30.02,18.93,12.39,25.22,7.84
2025-03-17,NL,167.016,584.319,3.499,0.01,0.801,90.12,2.96,4.8,0,0,0,35.32,15.7,10.83,10.86,9.51
2025-03-24,NL,240.715,735.452,3.055,0.633,0.85,68.97,2.48,3.9,0,0,0,4.35,22.39,0.0,8.3,9.4
2025-03-31,NL,230.08,726.592,3.158,0.584,0.795,44.45,3.68,8.3,0,1,0,6.19,14.05,8.24,20.6,1.18
2025-04-07,NL,191.434,631.359,3.298,0.249,0.828,77.71,3.8,12.9,0,1,0,3.72,12.48,7.6,15.62,0.97
2025-04-14,NL,232.84,734.283,3.154,0.524,0.824,71.94,3.76,6.3,0,1,0,18.7,15.73,14.69,10.96,1.39
2025-04-21,NL,189.517,642.478,3.39,0.127,0.841,55.97,3.6,10.7,0,0,0,31.74,15.3,14.72,9.77,1.04
2025-04-28,NL,159.668,543.878,3.406,0.082,0.827,53.79,3.84,11.8,0,0,0,13.52,11.18,13.65,10.13,0.78
2025-05-05,NL,175.969,599.956,3.409,0.153,0.808,39.44,4.1,13.2,0,0,0,30.21,20.32,17.08,20.06,0.83
2025-05-12,NL,153.022,508.482,3.323,0.115,0.775,79.84,3.63,16.2,0,0,0,21.5,6.99,6.96,11.32,0.68
2025-05-19,NL,156.844,537.719,3.428,0.057,0.821,32.26,4.19,15.4,0,0,0,18.15,18.06,11.79,11.37,0.55
2025-05-26,NL,196.465,630.48,3.209,0.437,0.863,42.96,3.4,18.4,0,0,0,2.56,17.85,7.54,7.11,0.7
2025-06-02,NL,169.728,575.302,3.39,0.235,0.815,30.39,2.53,18.5,0,0,0,1.8,16.49,7.21,10.79,5.32
2025-06-09,NL,158.116,545.629,3.451,0.123,0.825,68.09,2.27,19.9,0,0,0,1.56,17.44,20.48,12.51,6.69
2025-06-16,NL,141.552,487.086,3.441,0.08,0.846,95.0,2.57,15.6,0,0,0,2.49,12.12,3.92,16.96,3.52
2025-06-23,NL,150.928,507.577,3.363,0.36,0.808,60.92,4.26,21.6,0,0,0,3.3,9.14,7.35,11.79,7.99
2025-06-30,NL,133.391,456.744,3.424,0.032,0.833,69.72,5.43,21.4,0,0,0,2.0,28.09,7.63,7.27,1.83
2025-07-07,NL,146.094,504.431,3.453,0.095,0.847,39.34,5.17,20.1,0,0,0,3.56,20.32,9.49,5.43,3.57
2025-07-14,NL,159.583,519.887,3.258,0.421,0.82,103.12,4.87,22.1,0,0,0,1.85,11.15,9.31,9.73,4.82
2025-07-21,NL,132.621,452.675,3.413,0.071,0.845,56.8,4.6,23.0,0,0,0,3.06,10.84,4.64,14.61,1.06
2025-07-28,NL,169.7,547.439,3.226,0.368,0.837,78.23,3.75,20.0,0,0,0,2.53,11.51,8.39,7.4,3.31
2025-08-04,NL,154.442,517.727,3.352,0.29,0.833,114.86,2.69,22.0,0,0,0,2.23,12.86,7.79,12.6,6.26
2025-08-11,NL,148.781,516.075,3.469,0.051,0.855,39.69,2.65,15.6,0,0,0,2.01,29.29,15.61,8.15,13.11
2025-08-18,NL,211.608,689.027,3.256,0.506,0.787,39.87,3.19,21.8,0,0,0,4.65,18.2,11.3,28.67,6.63
2025-08-25,NL,175.268,588.925,3.36,0.228,0.835,115.59,4.3,18.8,0,0,0,3.25,11.47,11.24,11.25,0.75
2025-09-01,NL,196.247,653.916,3.332,0.287,0.863,57.02,3.59,16.4,0,0,0,1.91,13.85,8.79,9.59,0.91
2025-09-08,NL,186.123,648.493,3.484,0.189,0.861,63.96,2.81,14.7,0,0,0,3.18,16.55,12.4,16.98,1.21
2025-09-15,NL,202.632,678.407,3.348,0.205,0.844,48.62,2.01,15.0,0,0,0,2.6,11.95,7.95,10.29,0.71
2025-09-22,NL,191.691,653.223,3.408,0.214,0.862,74.02,2.34,11.6,0,0,0,3.53,15.36,11.35,10.72,0.91
2025-09-29,NL,215.279,735.362,3.416,0.278,0.871,43.95,2.94,17.1,0,0,0,43.64,20.62,19.01,17.44,1.11
2025-10-06,NL,212.114,693.591,3.27,0.433,0.827,89.13,1.57,13.9,0,0,0,38.06,15.82,7.81,28.11,0.94
2025-10-13,NL,178.997,623.575,3.484,0.058,0.869,67.55,2.52,8.9,0,0,0,34.54,10.78,7.83,15.81,1.45
2025-10-20,NL,189.851,680.909,3.587,0.023,0.843,53.68,2.93,8.2,0,0,0,4.07,33.72,9.29,15.67,1.59
2025-10-27,NL,212.393,721.142,3.395,0.109,0.862,65.19,2.58,10.9,0,0,0,6.18,18.04,12.94,10.13,1.68
2025-11-03,NL,215.192,742.904,3.452,0.145,0.834,63.72,3.48,12.3,0,0,0,40.22,28.49,10.14,26.99,16.92
2025-11-10,NL,218.122,753.098,3.453,0.092,0.859,87.09,3.58,8.7,0,0,0,44.24,15.88,15.56,19.26,10.78
2025-11-17,NL,218.735,763.848,3.492,0.115,0.814,59.39,5.04,6.0,0,0,0,21.85,29.2,15.73,16.07,9.01
2025-11-24,NL,229.572,777.309,3.386,0.243,0.83,74.92,5.66,8.5,0,0,0,37.66,21.71,13.14,32.87,7.89
2025-12-01,NL,274.148,893.79,3.26,0.423,0.857,79.37,5.49,4.2,0,0,0,49.47,19.95,12.87,13.23,9.33
2025-12-08,NL,304.009,993.986,3.27,0.519,0.9,79.27,6.0,2.7,1,0,0,22.0,26.79,10.31,35.16,7.95
2025-12-15,NL,222.507,784.514,3.526,0.072,0.859,61.3,6.49,1.3,1,0,0,34.8,17.29,15.31,15.76,13.22
2025-12-22,NL,256.6,887.543,3.459,0.204,0.881,62.35,6.35,2.7,1,0,0,4.29,33.06,10.67,32.18,3.13
2023-01-02,PL,96.114,232.322,2.417,0.031,0.348,61.68,-7.27,2.5,0,0,0,5.63,12.84,4.14,18.71,0.92
2023-01-09,PL,109.539,256.614,2.343,0.057,0.393,52.89,-6.41,0.5,0,0,0,6.07,9.15,5.89,13.02,2.19
2023-01-16,PL,121.27,282.539,2.33,0.133,0.373,53.11,-6.37,-3.1,0,0,0,34.99,5.98,5.82,21.65,1.45
2023-01-23,PL,125.109,288.089,2.303,0.279,0.309,100.2,-6.58,3.0,0,0,0,15.02,10.7,4.39,20.08,1.29
2023-01-30,PL,122.879,293.399,2.388,0.188,0.364,102.09,-5.89,-0.2,0,0,0,39.01,13.16,3.69,22.75,1.08
2023-02-06,PL,122.766,287.012,2.338,0.217,0.351,60.1,-4.42,-3.4,0,0,1,24.7,23.61,9.69,11.25,0.93
2023-02-13,PL,126.448,291.454,2.305,0.114,0.351,50.02,-3.59,2.3,0,0,1,42.82,12.97,2.54,19.26,0.96
2023-02-20,PL,117.852,278.095,2.36,0.034,0.365,38.85,-3.84,-1.1,0,0,0,5.23,11.36,4.52,17.72,1.14
2023-02-27,PL,121.767,285.118,2.341,0.241,0.382,74.0,-4.19,-2.0,0,0,0,4.5,8.87,4.31,25.25,1.22
2023-03-06,PL,125.319,287.397,2.293,0.19,0.37,51.79,-2.56,1.3,0,0,0,4.0,7.3,5.99,13.32,2.06
2023-03-13,PL,107.221,255.127,2.379,0.098,0.409,41.05,-4.02,1.1,0,0,0,4.14,6.42,6.82,7.95,0.92
2023-03-20,PL,153.141,322.044,2.103,0.609,0.39,67.76,-5.1,7.6,0,1,0,7.26,5.68,4.64,9.9,1.08
2023-03-27,PL,145.605,322.055,2.212,0.496,0.427,36.51,-4.09,5.6,0,1,0,4.43,10.29,3.86,9.79,0.9
2023-04-03,PL,141.888,305.83,2.155,0.522,0.409,53.49,-4.22,6.0,0,1,0,4.41,10.92,2.67,7.95,1.42
2023-04-10,PL,94.551,224.324,2.373,0.197,0.364,51.49,-4.36,6.1,0,0,0,4.22,7.44,3.43,7.56,1.17
2023-04-17,PL,144.001,320.047,2.223,0.437,0.405,56.16,-3.85,7.4,0,0,0,24.34,7.31,5.82,11.93,0.67
2023-04-24,PL,92.953,223.41,2.403,0.09,0.4,77.79,-5.02,13.5,0,0,0,16.09,8.66,4.32,11.81,0.51
2023-05-01,PL,96.296,236.83,2.459,0.143,0.396,48.24,-3.78,10.7,0,0,0,16.18,5.81,5.43,10.59,0.88
2023-05-08,PL,85.556,210.697,2.463,0.092,0.403,65.56,-4.38,14.4,0,0,0,44.73,5.66,3.4,10.59,0.82
2023-05-15,PL,89.554,214.76,2.398,0.065,0.423,36.26,-4.69,10.3,0,0,0,2.39,8.23,4.47,7.39,0.72
2023-05-22,PL,105.039,248.899,2.37,0.238,0.407,38.28,-5.16,13.5,0,0,0,2.25,9.83,6.08,14.28,0.48
2023-05-29,PL,79.137,195.023,2.464,0.073,0.382,22.71,-5.92,12.5,0,0,0,3.62,4.71,2.63,5.67,1.01
2023-06-05,PL,92.585,217.902,2.354,0.244,0.402,55.96,-4.44,13.8,0,0,0,2.16,8.4,6.93,6.64,5.5
2023-06-12,PL,103.589,240.092,2.318,0.257,0.426,36.15,-3.28,16.9,0,0,0,3.12,7.61,4.71,13.76,3.75
2023-06-19,PL,84.909,203.195,2.393,0.146,0.439,62.13,-4.16,23.1,0,0,0,3.5,4.63,3.49,7.94,2.57
2023-06-26,PL,79.133,196.04,2.477,0.056,0.456,53.51,-3.9,20.2,0,0,0,3.85,3.32,4.59,9.15,8.73
2023-07-03,PL,88.816,217.762,2.452,0.105,0.455,87.12,-2.65,18.3,0,0,0,2.94,10.71,3.16,10.28,0.85
2023-07-10,PL,76.782,187.746,2.445,0.062,0.437,43.62,-3.02,22.3,0,0,0,4.56,4.85,4.63,5.68,0.75
2023-07-17,PL,103.836,240.306,2.314,0.397,0.454,59.36,-4.34,20.5,0,0,0,2.3,4.72,5.51,8.39,0.54
2023-07-24,PL,96.857,231.82,2.393,0.299,0.433,52.97,-4.35,20.7,0,0,0,3.12,7.41,3.32,15.16,0.47
2023-07-31,PL,85.382,198.779,2.328,0.107,0.445,43.89,-5.16,19.7,0,0,0,1.89,13.75,2.86,6.35,3.4
2023-08-07,PL,101.073,239.722,2.372,0.306,0.481,69.62,-6.16,23.0,0,0,0,2.24,7.25,3.74,7.45,8.58
2023-08-14,PL,98.592,238.012,2.414,0.175,0.441,49.03,-5.87,14.5,0,0,0,5.24,11.39,2.22,7.01,3.14
2023-08-21,PL,102.101,243.02,2.38,0.079,0.501,39.34,-5.88,16.5,0,0,0,44.08,5.55,6.36,11.62,3.37
2023-08-28,PL,149.554,348.954,2.333,0.514,0.47,49.35,-7.12,16.6,0,0,0,12.96,15.88,5.77,12.12,5.09
2023-09-04,PL,125.797,302.69,2.406,0.258,0.467,27.74,-7.48,16.4,0,0,0,40.38,4.35,2.98,12.14,10.66
2023-09-11,PL,129.607,304.69,2.351,0.359,0.449,56.85,-8.38,12.8,0,0,0,3.38,8.67,2.49,12.56,3.08
2023-09-18,PL,113.435,278.612,2.456,0.106,0.485,88.41,-8.52,10.0,0,0,0,3.62,8.37,6.32,7.2,1.19
2023-09-25,PL,103.771,256.291,2.47,0.043,0.478,44.83,-9.23,15.0,0,0,0,5.36,8.07,4.56,12.75,0.56
2023-10-02,PL,138.501,328.882,2.375,0.356,0.488,54.53,-8.39,13.9,0,0,0,5.57,10.57,6.9,14.41,1.01
2023-10-09,PL,139.597,331.431,2.374,0.291,0.497,78.23,-7.93,8.9,0,0,0,4.19,22.5,2.9,8.8,1.15
2023-10-16,PL,137.751,326.746,2.372,0.197,0.5,45.59,-7.32,8.9,0,0,0,1.72,10.18,5.33,8.8,1.05
2023-10-23,PL,165.714,390.773,2.358,0.424,0.519,51.98,-7.74,4.4,0,0,0,4.87,11.52,6.15,11.53,0.86
2023-10-30,PL,145.938,350.298,2.4,0.304,0.482,61.67,-6.99,5.3,0,0,0,3.88,7.88,5.23,17.03,0.75
2023-11-06,PL,153.908,363.459,2.362,0.225,0.513,45.44,-5.64,5.0,0,0,0,25.96,13.58,7.37,19.33,4.44
2023-11-13,PL,132.456,331.08,2.5,0.115,0.486,29.17,-4.61,4.8,0,0,0,35.29,11.87,4.99,9.38,8.19
2023-11-20,PL,133.697,333.725,2.496,0.056,0.489,59.18,-3.59,2.6,0,0,0,54.61,10.12,7.65,15.09,9.14
2023-11-27,PL,144.604,354.009,2.448,0.032,0.518,38.72,-3.9,3.5,0,0,0,53.64,5.96,3.01,17.22,4.89
2023-12-04,PL,163.253,394.032,2.414,0.233,0.527,81.22,-3.79,3.4,1,0,0,26.75,13.95,4.54,17.16,10.68
2023-12-11,PL,276.299,600.894,2.175,0.821,0.551,33.28,-2.62,0.5,1,0,0,34.68,14.61,7.54,24.75,11.44
2023-12-18,PL,155.292,380.738,2.452,0.231,0.468,32.28,-3.0,0.7,1,0,0,24.73,6.99,5.69,11.38,6.23
2023-12-25,PL,145.346,368.199,2.533,0.195,0.498,45.61,-3.42,-3.5,1,0,0,4.99,10.95,4.89,13.38,1.25
2024-01-01,PL,146.872,367.446,2.502,0.092,0.558,38.34,-4.25,-2.3,0,0,0,4.87,5.7,9.17,13.49,1.43
2024-01-08,PL,165.075,391.651,2.373,0.285,0.535,40.41,-3.27,0.9,0,0,0,7.73,19.13,11.43,0.0,0.95
2024-01-15,PL,190.217,446.272,2.346,0.337,0.558,40.32,-1.25,-3.0,0,0,0,6.67,15.28,8.25,8.86,2.02
2024-01-22,PL,160.788,394.363,2.453,0.174,0.531,27.84,-1.7,-1.9,0,0,0,31.84,9.35,5.91,27.04,0.67
2024-01-29,PL,147.234,373.253,2.535,0.057,0.562,33.41,-1.27,-1.9,0,0,0,26.65,6.68,9.35,27.1,0.53
2024-02-05,PL,152.513,372.46,2.442,0.108,0.576,77.33,-0.25,-1.1,0,0,1,21.52,15.43,6.65,11.57,12.49
2024-02-12,PL,169.559,408.011,2.406,0.377,0.507,65.72,0.32,-0.4,0,0,1,14.74,11.87,3.98,17.16,5.65
2024-02-19,PL,170.756,406.98,2.383,0.33,0.529,61.16,0.48,-2.2,0,0,0,25.3,16.49,5.52,14.49,9.16
2024-02-26,PL,130.244,327.933,2.518,0.087,0.548,39.19,1.26,2.8,0,0,0,35.29,11.02,7.75,22.1,4.81
2024-03-04,PL,164.002,398.912,2.432,0.255,0.579,38.13,1.31,4.1,0,0,0,2.92,9.71,0.0,19.99,6.09
2024-03-11,PL,148.424,365.171,2.46,0.159,0.576,71.37,0.92,2.2,0,1,0,3.55,10.3,4.49,16.67,1.03
2024-03-18,PL,175.724,413.651,2.354,0.396,0.591,45.01,-0.17,4.2,0,1,0,6.5,9.76,7.31,21.74,1.0
2024-03-25,PL,119.67,304.669,2.546,0.075,0.57,63.13,-0.33,4.8,0,1,0,3.23,7.32,7.29,13.71,2.16
2024-04-01,PL,116.585,295.014,2.53,0.053,0.573,32.4,-1.2,7.0,0,0,0,3.76,7.4,7.3,10.63,0.68
2024-04-08,PL,143.021,352.524,2.465,0.291,0.583,63.31,-0.95,6.6,0,0,0,3.24,9.46,5.92,7.47,0.58
2024-04-15,PL,120.758,302.623,2.506,0.181,0.583,36.14,-0.68,12.5,0,0,0,3.75,10.86,4.63,7.39,0.97
2024-04-22,PL,158.625,377.187,2.378,0.492,0.575,58.98,0.38,11.6,0,0,0,6.42,9.53,7.03,11.95,0.9
2024-04-29,PL,110.552,275.871,2.495,0.081,0.581,50.91,-0.93,9.5,0,0,0,2.73,9.66,6.97,8.9,0.75
2024-05-06,PL,117.022,291.463,2.491,0.116,0.6,26.28,-0.53,9.3,0,0,0,4.62,4.78,3.98,12.67,0.76
2024-05-13,PL,120.095,300.283,2.5,0.255,0.583,81.85,0.86,15.7,0,0,0,1.43,5.59,2.9,14.74,1.27
2024-05-20,PL,131.64,326.003,2.476,0.216,0.628,33.08,2.04,13.2,0,0,0,2.75,7.7,3.87,7.0,1.6
2024-05-27,PL,105.502,276.609,2.622,0.085,0.62,45.52,1.66,12.0,0,0,0,2.69,6.54,4.08,15.13,0.74
2024-06-03,PL,99.053,250.084,2.525,0.132,0.588,39.66,1.38,18.3,0,0,0,3.2,6.12,3.38,6.55,0.67
2024-06-10,PL,103.051,263.183,2.554,0.064,0.594,44.69,1.25,14.0,0,0,0,2.88,11.13,4.94,10.85,6.43
2024-06-17,PL,128.692,316.345,2.458,0.258,0.66,41.43,1.52,16.6,0,0,0,3.8,6.55,3.2,10.35,5.6
2024-06-24,PL,99.317,255.268,2.57,0.141,0.59,38.5,1.4,15.8,0,0,0,3.22,9.23,3.0,7.08,3.46
2024-07-01,PL,107.104,272.658,2.546,0.07,0.631,69.0,1.93,18.4,0,0,0,2.82,7.06,2.76,12.64,5.52
2024-07-08,PL,141.225,329.261,2.331,0.488,0.638,51.89,1.77,19.5,0,0,0,2.16,6.38,3.48,7.29,5.07
2024-07-15,PL,96.095,246.401,2.564,0.012,0.636,63.59,0.81,18.5,0,0,0,2.93,10.57,3.23,13.11,8.22
2024-07-22,PL,96.376,257.189,2.669,0.022,0.661,36.98,1.49,17.3,0,0,0,3.29,8.69,2.06,13.29,3.61
2024-07-29,PL,116.7,294.362,2.522,0.374,0.593,40.82,0.47,19.2,0,0,0,3.0,7.49,6.0,7.74,2.88
2024-08-05,PL,129.544,316.646,2.444,0.4,0.619,53.64,0.12,20.1,0,0,0,3.04,7.31,0.0,10.11,0.4
2024-08-12,PL,151.883,360.348,2.373,0.459,0.625,65.68,-0.16,20.6,0,0,0,3.53,14.8,4.25,12.19,0.47
2024-08-19,PL,165.236,398.779,2.413,0.416,0.668,40.29,1.26,18.0,0,0,0,3.17,5.61,4.64,10.59,0.84
2024-08-26,PL,130.789,335.007,2.561,0.187,0.651,26.18,1.04,13.2,0,0,0,3.14,10.48,6.22,17.17,0.55
2024-09-02,PL,114.031,303.246,2.659,0.024,0.633,29.1,0.63,17.5,0,0,0,2.5,10.08,3.55,9.19,7.7
2024-09-09,PL,142.944,362.545,2.536,0.28,0.637,32.49,1.29,16.2,0,0,0,2.27,8.9,5.08,8.91,8.26
2024-09-16,PL,124.689,322.787,2.589,0.132,0.669,51.87,1.09,14.4,0,0,0,2.67,19.15,11.31,0.0,6.25
2024-09-23,PL,140.694,357.259,2.539,0.251,0.664,26.02,0.42,11.6,0,0,0,6.55,11.85,4.77,7.9,4.56
2024-09-30,PL,188.414,466.735,2.477,0.418,0.679,42.52,0.23,11.2,0,0,0,3.51,11.04,3.4,18.23,8.03
2024-10-07,PL,174.704,439.006,2.513,0.338,0.702,69.13,1.19,13.0,0,0,0,3.08,11.33,8.47,11.38,1.25
2024-10-14,PL,189.845,457.156,2.408,0.418,0.658,55.28,0.07,10.6,0,0,0,4.7,13.21,6.01,13.65,0.48
2024-10-21,PL,167.209,432.704,2.588,0.178,0.672,83.52,-0.13,7.8,0,0,0,45.52,11.42,8.19,17.3,1.75
2024-10-28,PL,159.045,418.842,2.633,0.152,0.69,51.35,-0.54,5.0,0,0,0,27.7,10.19,8.48,27.41,0.68
2024-11-04,PL,179.104,464.599,2.594,0.248,0.68,50.4,-1.23,8.2,0,0,0,31.75,15.07,5.97,31.81,9.12
2024-11-11,PL,139.846,379.168,2.711,0.021,0.677,59.8,-1.06,3.0,0,0,0,26.49,16.39,4.33,17.29,5.53
2024-11-18,PL,155.506,412.38,2.652,0.07,0.672,56.34,-0.17,6.1,0,0,0,23.47,10.53,13.33,25.4,6.14
2024-11-25,PL,160.003,431.166,2.695,0.092,0.678,55.1,0.49,2.1,0,0,0,44.37,10.95,9.85,14.61,5.59
2024-12-02,PL,196.817,486.656,2.473,0.364,0.7,71.68,0.38,1.1,0,0,0,32.09,13.48,6.07,13.09,5.31
2024-12-09,PL,343.139,752.928,2.194,0.95,0.681,49.25,-0.23,2.8,1,0,0,28.35,11.07,8.46,31.42,5.87
2024-12-16,PL,216.694,546.872,2.524,0.413,0.66,48.96,0.71,0.3,1,0,0,42.95,18.25,0.0,17.27,7.71
2024-12-23,PL,231.485,581.357,2.511,0.416,0.768,85.45,1.24,-0.9,1,0,0,5.91,8.2,8.43,25.45,1.62
2024-12-30,PL,211.757,541.064,2.555,0.31,0.706,56.41,2.17,1.2,1,0,0,10.3,9.05,9.12,19.38,1.29
2025-01-06,PL,247.392,599.812,2.425,0.599,0.716,79.75,2.08,-1.6,0,0,0,3.74,22.76,0.0,18.66,1.4
2025-01-13,PL,173.887,461.725,2.655,0.108,0.744,59.55,2.59,-5.3,0,0,0,3.07,14.87,8.19,14.48,4.87
2025-01-20,PL,177.579,472.915,2.663,0.16,0.712,71.37,2.32,0.5,0,0,0,5.01,10.79,7.43,24.48,5.24
2025-01-27,PL,198.723,503.52,2.534,0.29,0.713,54.62,4.59,-0.5,0,0,0,3.23,9.99,9.15,10.07,5.97
2025-02-03,PL,185.103,488.522,2.639,0.125,0.747,34.22,4.04,-2.7,0,0,0,8.88,15.65,7.43,27.53,10.68
2025-02-10,PL,187.655,481.232,2.564,0.226,0.722,65.16,4.38,-2.5,0,0,1,5.36,15.02,5.61,21.18,7.86
2025-02-17,PL,187.215,491.225,2.624,0.293,0.761,66.19,3.32,-2.5,0,0,0,5.55,22.44,7.06,26.53,6.56
2025-02-24,PL,189.436,489.288,2.583,0.282,0.762,30.61,4.02,0.6,0,0,0,5.03,11.25,6.57,12.19,0.75
2025-03-03,PL,156.553,422.974,2.702,0.087,0.734,42.59,4.5,2.3,0,0,0,3.74,9.78,4.67,15.95,1.3
2025-03-10,PL,161.039,429.686,2.668,0.142,0.738,70.98,3.68,5.4,0,0,0,4.11,9.89,7.55,19.9,0.4
2025-03-17,PL,137.778,375.475,2.725,0.038,0.718,74.59,3.98,5.5,0,0,0,3.17,10.74,5.65,19.79,0.7
2025-03-24,PL,152.182,403.744,2.653,0.166,0.73,54.31,3.56,9.4,0,0,0,5.37,7.44,4.43,10.8,0.92
2025-03-31,PL,212.201,530.582,2.5,0.471,0.779,42.02,3.05,4.0,0,1,0,18.4,17.64,3.54,7.33,8.15
2025-04-07,PL,161.194,425.044,2.637,0.192,0.745,39.69,3.85,8.0,0,1,0,11.11,11.41,6.01,19.13,5.29
2025-04-14,PL,169.145,445.032,2.631,0.255,0.779,35.4,3.59,10.1,0,1,0,26.48,5.43,3.19,18.86,4.08
2025-04-21,PL,162.746,445.979,2.74,0.173,0.784,35.33,4.61,7.7,0,0,0,27.26,15.71,4.57,23.66,2.54
2025-04-28,PL,144.077,393.905,2.734,0.107,0.762,44.12,4.81,10.5,0,0,0,1.29,8.32,4.9,18.37,4.71
2025-05-05,PL,166.243,432.194,2.6,0.266,0.797,47.35,5.35,12.5,0,0,0,2.87,6.87,4.79,10.56,4.34
2025-05-12,PL,141.473,375.812,2.656,0.14,0.778,39.11,4.75,13.1,0,0,0,1.55,7.88,3.77,17.07,8.0
2025-05-19,PL,117.567,321.262,2.733,0.011,0.81,45.83,5.07,8.9,0,0,0,2.87,7.06,1.97,7.01,3.93
2025-05-26,PL,137.717,371.32,2.696,0.202,0.774,36.73,6.22,15.2,0,0,0,2.21,10.78,2.99,19.88,4.18
2025-06-02,PL,141.297,373.209,2.641,0.254,0.784,34.05,6.36,12.2,0,0,0,3.28,7.9,2.75,6.13,0.76
2025-06-09,PL,119.193,317.962,2.668,0.069,0.788,44.34,5.37,15.5,0,0,0,20.87,6.83,5.96,9.14,0.58
2025-06-16,PL,170.73,445.839,2.611,0.381,0.795,43.79,5.67,18.0,0,0,0,24.81,21.76,0.0,6.95,1.01
2025-06-23,PL,128.936,343.68,2.665,0.086,0.787,31.18,5.23,16.7,0,0,0,15.06,7.82,6.9,10.44,0.63
2025-06-30,PL,116.223,323.001,2.779,0.149,0.813,37.78,5.12,20.7,0,0,0,16.87,8.54,3.02,12.22,0.57
2025-07-07,PL,130.741,349.138,2.67,0.185,0.822,39.27,4.87,18.1,0,0,0,11.82,5.44,2.15,5.62,0.3
2025-07-14,PL,112.331,305.929,2.723,0.052,0.829,54.31,4.45,21.0,0,0,0,16.72,7.67,3.62,12.08,0.32
2025-07-21,PL,109.633,296.3,2.703,0.036,0.827,32.15,4.43,18.9,0,0,0,14.38,9.36,2.86,6.07,0.66
2025-07-28,PL,123.514,335.566,2.717,0.243,0.814,57.44,4.12,19.2,0,0,0,19.56,5.27,4.19,8.72,0.63
2025-08-04,PL,132.659,372.889,2.811,0.14,0.802,43.94,4.66,17.7,0,0,0,20.15,8.65,9.41,17.68,0.45
2025-08-11,PL,115.174,316.354,2.747,0.082,0.838,67.91,4.06,21.5,0,0,0,2.44,7.56,3.42,11.28,0.46
2025-08-18,PL,130.759,358.844,2.744,0.108,0.822,64.12,4.35,18.5,0,0,0,2.32,4.69,7.03,14.18,0.63
2025-08-25,PL,155.744,411.283,2.641,0.348,0.814,52.54,4.1,21.2,0,0,0,4.34,11.94,4.03,15.81,1.11
2025-09-01,PL,180.965,471.925,2.608,0.304,0.826,50.22,4.51,19.3,0,0,0,2.8,7.29,7.53,24.93,0.55
2025-09-08,PL,162.176,449.291,2.77,0.1,0.844,35.73,4.96,16.9,0,0,0,2.97,8.32,5.36,17.96,0.71
2025-09-15,PL,138.342,399.791,2.89,0.01,0.863,91.23,5.73,17.6,0,0,0,2.45,22.85,6.05,19.68,0.43
2025-09-22,PL,158.959,440.913,2.774,0.093,0.856,66.33,7.0,11.1,0,0,0,2.55,18.96,7.6,14.83,1.13
2025-09-29,PL,188.118,508.962,2.706,0.265,0.854,33.8,6.56,11.7,0,0,0,4.33,12.97,9.27,9.8,0.52
2025-10-06,PL,182.603,487.559,2.67,0.23,0.839,62.61,5.25,9.3,0,0,0,3.97,12.66,6.2,12.6,0.96
2025-10-13,PL,188.438,501.007,2.659,0.179,0.871,42.17,6.64,10.7,0,0,0,3.34,10.77,11.51,17.15,0.84
2025-10-20,PL,192.751,508.765,2.639,0.262,0.85,85.31,7.18,8.9,0,0,0,4.13,8.94,4.94,30.91,1.91
2025-10-27,PL,204.628,562.213,2.747,0.212,0.881,31.63,6.19,5.3,0,0,0,5.71,11.87,9.44,16.64,0.67
2025-11-03,PL,157.834,454.982,2.883,0.075,0.87,50.7,6.15,7.6,0,0,0,31.19,21.0,3.41,10.26,5.28
2025-11-10,PL,193.267,539.852,2.793,0.114,0.867,40.8,5.54,6.2,0,0,0,41.48,13.69,4.93,34.74,8.35
2025-11-17,PL,177.434,488.879,2.755,0.08,0.874,58.43,6.58,6.0,0,0,0,44.39,10.73,4.52,0.0,10.07
2025-11-24,PL,207.476,568.756,2.741,0.151,0.84,37.0,6.45,1.2,0,0,0,20.98,22.42,4.17,20.8,6.74
2025-12-01,PL,219.045,604.056,2.758,0.198,0.93,78.67,7.31,0.9,0,0,0,26.97,8.65,8.0,13.08,9.81
2025-12-08,PL,321.406,810.358,2.521,0.656,0.892,44.56,7.74,1.6,1,0,0,31.52,16.88,6.89,12.78,8.58
2025-12-15,PL,210.435,573.378,2.725,0.222,0.903,59.42,7.18,3.1,1,0,0,58.88,9.97,4.78,16.79,7.79
2025-12-22,PL,331.645,830.389,2.504,0.711,0.868,86.19,7.25,3.2,1,0,0,5.25,18.03,8.52,27.47,0.87
