week,country,orders,revenue_eur_k,avg_price_eur,discount_pct,free_shipping,branded_search_index,temperature_c,xmas,black_friday,valentine,easter,mothers_day,spend_tv_k,spend_online_video_k,spend_paid_search_k,spend_paid_social_k
2023-01-02,AT,1437,47.75,25.0,0,0,42.7,-0.1,0,0,0,0,0,0.0,5.71,3.53,1.74
2023-01-09,AT,2063,54.85,19.87,20,0,44.2,1.2,0,0,0,0,0,0.0,4.45,3.83,2.22
2023-01-16,AT,1485,50.26,24.71,0,0,41.7,0.2,0,0,0,0,0,0.0,7.54,2.36,3.74
2023-01-23,AT,1714,50.74,22.25,10,0,42.3,0.7,0,0,0,0,0,0.0,3.13,4.94,3.56
2023-01-30,AT,1645,55.72,24.94,0,0,43.8,4.2,0,0,0,0,0,0.0,2.31,6.08,5.28
2023-02-06,AT,2379,62.72,19.72,20,0,34.8,1.1,0,0,1,0,0,0.0,2.68,3.66,4.94
2023-02-13,AT,1752,59.21,24.99,0,0,35.9,6.9,0,0,1,0,0,0.0,3.15,3.57,2.91
2023-02-20,AT,1878,59.69,24.33,0,1,47.5,1.7,0,0,0,0,0,16.75,3.96,1.85,3.75
2023-02-27,AT,1476,49.57,25.06,0,0,49.5,0.9,0,0,0,0,0,28.08,1.7,2.56,3.34
2023-03-06,AT,1660,54.8,24.72,0,0,55.9,2.0,0,0,0,0,0,52.8,3.41,2.54,1.89
2023-03-13,AT,1731,55.79,24.56,0,0,53.8,6.3,0,0,0,0,0,0.0,3.75,2.05,5.67
2023-03-20,AT,2302,65.14,21.34,15,0,49.8,13.2,0,0,0,1,0,0.0,2.57,3.08,2.77
2023-03-27,AT,2264,76.18,24.88,0,1,39.1,6.0,0,0,0,1,0,0.0,3.61,2.73,5.21
2023-04-03,AT,1758,56.95,24.96,0,0,38.8,12.1,0,0,0,1,0,0.0,2.53,4.38,6.49
2023-04-10,AT,2026,53.66,19.69,20,1,34.0,1.3,0,0,0,0,0,0.0,5.05,3.45,2.11
2023-04-17,AT,1158,39.72,24.71,0,0,30.1,8.8,0,0,0,0,0,0.0,1.78,2.82,1.98
2023-04-24,AT,1140,39.28,25.06,0,0,34.5,6.6,0,0,0,0,0,0.0,5.17,3.51,2.16
2023-05-01,AT,1014,34.16,24.72,0,0,31.8,10.5,0,0,0,0,0,0.0,3.27,0.0,5.29
2023-05-08,AT,1199,39.7,24.84,0,0,30.3,14.8,0,0,0,0,1,0.0,4.54,4.19,3.92
2023-05-15,AT,1084,31.98,22.46,10,0,33.9,13.7,0,0,0,0,0,0.0,6.27,1.97,1.84
2023-05-22,AT,690,22.81,25.08,0,0,27.0,19.9,0,0,0,0,0,0.0,1.41,1.28,2.3
2023-05-29,AT,1136,37.42,24.14,0,0,33.8,8.9,0,0,0,0,0,0.0,3.18,3.48,1.69
2023-06-05,AT,1041,34.55,24.79,0,0,29.6,14.0,0,0,0,0,0,0.0,1.77,3.55,4.26
2023-06-12,AT,862,28.32,24.94,0,0,34.2,16.9,0,0,0,0,0,0.0,3.84,2.29,2.97
2023-06-19,AT,837,27.66,25.06,0,0,25.0,13.3,0,0,0,0,0,0.0,2.98,1.85,2.94
2023-06-26,AT,1019,34.7,25.1,0,0,32.2,9.9,0,0,0,0,0,14.86,3.11,2.23,3.44
2023-07-03,AT,1006,33.56,25.43,0,1,36.9,20.5,0,0,0,0,0,19.62,1.64,1.73,4.1
2023-07-10,AT,928,30.94,24.94,0,1,39.4,24.2,0,0,0,0,0,25.9,1.07,1.47,5.48
2023-07-17,AT,706,22.64,24.84,0,0,36.3,23.8,0,0,0,0,0,0.0,2.16,2.14,1.78
2023-07-24,AT,944,31.3,24.6,0,0,37.1,19.4,0,0,0,0,0,0.0,6.82,2.98,2.2
2023-07-31,AT,837,28.24,24.56,0,0,32.9,17.7,0,0,0,0,0,0.0,1.42,2.16,2.27
2023-08-07,AT,1076,31.4,21.45,15,0,32.1,15.5,0,0,0,0,0,0.0,1.25,0.0,2.54
2023-08-14,AT,891,29.82,24.92,0,0,29.8,19.0,0,0,0,0,0,0.0,2.55,3.98,2.93
2023-08-21,AT,1256,39.96,24.76,0,1,35.7,20.0,0,0,0,0,0,0.0,4.89,3.15,3.69
2023-08-28,AT,1361,46.75,25.22,0,1,35.8,13.7,0,0,0,0,0,0.0,6.25,6.76,0.0
2023-09-04,AT,1600,47.27,22.28,10,1,38.7,19.1,0,0,0,0,0,0.0,4.23,2.55,4.53
2023-09-11,AT,1292,44.36,24.66,0,0,39.6,14.9,0,0,0,0,0,0.0,2.87,3.5,3.19
2023-09-18,AT,1364,44.3,24.66,0,0,41.5,15.4,0,0,0,0,0,0.0,4.26,2.02,3.81
2023-09-25,AT,1097,37.27,25.1,0,1,35.0,23.3,0,0,0,0,0,0.0,2.05,2.85,2.97
2023-10-02,AT,2196,66.59,22.64,10,1,37.6,10.5,0,0,0,0,0,0.0,2.15,3.42,4.28
2023-10-09,AT,1932,63.68,24.8,0,1,33.8,8.4,0,0,0,0,0,0.0,3.09,3.33,5.67
2023-10-16,AT,1444,47.83,24.8,0,0,41.6,15.4,0,0,0,0,0,10.65,2.41,4.85,3.01
2023-10-23,AT,2157,66.12,22.75,10,1,56.0,18.2,0,0,0,0,0,21.1,4.44,2.26,2.63
2023-10-30,AT,2117,61.37,22.49,10,0,47.6,4.1,0,0,0,0,0,25.97,5.18,3.55,6.76
2023-11-06,AT,1924,62.42,25.04,0,0,52.1,5.7,0,0,0,0,0,21.99,3.37,2.15,4.32
2023-11-13,AT,2124,70.4,24.55,0,1,61.0,0.1,0,0,0,0,0,24.71,5.23,2.75,2.44
2023-11-20,AT,4483,115.04,18.42,25,0,60.5,7.4,0,1,0,0,0,16.38,4.08,3.63,2.52
2023-11-27,AT,2247,74.74,25.16,0,0,62.6,7.1,0,0,0,0,0,27.92,6.66,4.7,2.41
2023-12-04,AT,4279,140.11,24.7,0,1,59.2,1.7,1,0,0,0,0,36.68,5.36,4.59,4.7
2023-12-11,AT,4752,160.69,24.84,0,1,59.5,6.3,1,0,0,0,0,16.58,4.86,4.32,4.64
2023-12-18,AT,4783,162.55,24.69,0,1,56.7,7.5,1,0,0,0,0,0.0,2.65,4.76,3.86
2023-12-25,AT,2146,74.99,24.89,0,0,54.9,1.5,0,0,0,0,0,0.0,8.38,4.17,4.83
2024-01-01,AT,1998,59.56,22.96,10,0,48.1,-0.4,0,0,0,0,0,0.0,8.04,2.91,6.83
2024-01-08,AT,1802,62.34,26.01,0,0,43.9,4.1,0,0,0,0,0,0.0,4.99,4.36,4.82
2024-01-15,AT,1696,57.12,26.02,0,0,47.2,2.7,0,0,0,0,0,0.0,4.05,2.92,4.23
2024-01-22,AT,1642,58.19,25.85,0,0,46.7,-0.0,0,0,0,0,0,0.0,5.44,2.62,3.33
2024-01-29,AT,1858,64.25,25.95,0,0,44.3,8.3,0,0,0,0,0,0.0,3.21,3.94,2.11
2024-02-05,AT,2189,78.33,25.48,0,1,38.7,2.9,0,0,1,0,0,0.0,6.34,6.37,0.0
2024-02-12,AT,2364,71.37,21.78,15,0,39.1,0.2,0,0,1,0,0,0.0,4.18,2.27,5.79
2024-02-19,AT,2230,67.39,22.11,15,0,45.2,6.1,0,0,0,0,0,0.0,10.37,3.56,4.72
2024-02-26,AT,1869,65.65,25.74,0,1,41.5,4.4,0,0,0,0,0,0.0,4.8,1.85,2.19
2024-03-04,AT,1818,67.01,26.14,0,1,42.4,-0.4,0,0,0,0,0,0.0,8.5,6.64,5.68
2024-03-11,AT,1901,67.17,25.87,0,1,34.6,1.1,0,0,0,1,0,0.0,3.25,6.21,4.29
2024-03-18,AT,2226,78.13,26.17,0,1,30.1,6.4,0,0,0,1,0,0.0,2.2,3.64,17.74
2024-03-25,AT,1632,55.65,25.76,0,0,39.1,4.9,0,0,0,1,0,0.0,2.8,3.18,2.64
2024-04-01,AT,1529,52.03,25.78,0,1,37.8,6.5,0,0,0,0,0,0.0,4.04,4.68,0.0
2024-04-08,AT,1604,55.0,26.03,0,1,36.9,7.5,0,0,0,0,0,0.0,3.25,2.7,4.38
2024-04-15,AT,1127,37.61,24.88,0,0,33.8,13.5,0,0,0,0,0,0.0,4.17,2.96,2.23
2024-04-22,AT,1305,43.85,25.73,0,0,38.3,8.1,0,0,0,0,0,0.0,6.98,5.54,4.5
2024-04-29,AT,1483,51.11,25.71,0,1,30.4,3.5,0,0,0,0,0,0.0,3.38,6.66,4.07
2024-05-06,AT,997,34.75,26.15,0,0,25.4,16.2,0,0,0,0,1,0.0,3.27,1.69,2.99
2024-05-13,AT,845,28.19,25.75,0,0,29.7,17.5,0,0,0,0,0,0.0,2.05,3.49,2.7
2024-05-20,AT,1063,31.44,21.97,15,0,37.6,19.1,0,0,0,0,0,8.33,5.36,1.48,4.55
2024-05-27,AT,1354,41.92,23.31,10,1,37.8,19.2,0,0,0,0,0,19.64,2.36,4.63,3.4
2024-06-03,AT,837,28.27,25.86,0,1,39.4,23.1,0,0,0,0,0,20.77,2.76,1.19,0.0
2024-06-10,AT,645,22.75,25.8,0,0,42.0,26.9,0,0,0,0,0,15.1,3.04,1.85,3.23
2024-06-17,AT,920,32.67,26.01,0,0,33.5,19.0,0,0,0,0,0,0.0,2.33,3.75,4.8
2024-06-24,AT,714,24.58,25.64,0,0,33.7,22.6,0,0,0,0,0,0.0,2.63,2.72,3.13
2024-07-01,AT,907,30.83,25.24,0,1,28.6,22.4,0,0,0,0,0,0.0,3.83,4.95,3.88
2024-07-08,AT,1357,40.42,21.68,15,1,27.8,15.1,0,0,0,0,0,0.0,2.58,4.45,3.41
2024-07-15,AT,662,22.0,25.95,0,0,26.8,21.1,0,0,0,0,0,0.0,3.53,4.63,2.47
2024-07-22,AT,1099,30.52,21.37,15,0,35.3,20.5,0,0,0,0,0,0.0,4.1,2.51,2.97
2024-07-29,AT,974,34.08,25.66,0,0,29.7,16.6,0,0,0,0,0,0.0,5.02,3.61,3.1
2024-08-05,AT,957,34.01,25.88,0,0,32.4,18.9,0,0,0,0,0,0.0,4.1,2.02,4.88
2024-08-12,AT,1110,38.44,25.5,0,0,37.0,13.1,0,0,0,0,0,0.0,4.82,3.45,0.0
2024-08-19,AT,1266,44.75,25.64,0,1,38.7,18.6,0,0,0,0,0,0.0,2.69,2.2,2.9
2024-08-26,AT,1135,39.77,25.55,0,0,34.4,18.6,0,0,0,0,0,0.0,2.44,6.25,6.73
2024-09-02,AT,1057,36.45,25.99,0,0,35.7,18.7,0,0,0,0,0,0.0,4.86,3.83,3.14
2024-09-09,AT,2003,65.91,23.52,10,1,44.5,15.9,0,0,0,0,0,17.68,4.57,3.34,2.44
2024-09-16,AT,1873,64.82,25.86,0,0,60.0,15.3,0,0,0,0,0,31.12,3.44,3.91,4.4
2024-09-23,AT,1724,60.1,25.53,0,0,54.8,12.9,0,0,0,0,0,23.51,2.45,3.21,1.95
2024-09-30,AT,1941,70.42,25.91,0,0,57.6,12.6,0,0,0,0,0,20.96,9.32,5.24,4.24
2024-10-07,AT,2600,74.95,21.44,15,0,52.0,11.2,0,0,0,0,0,22.01,3.94,4.78,4.74
2024-10-14,AT,2974,92.19,22.23,15,0,58.4,9.8,0,0,0,0,0,17.85,6.84,5.46,6.6
2024-10-21,AT,2710,94.29,25.7,0,0,58.1,8.0,0,0,0,0,0,21.91,3.46,6.93,7.26
2024-10-28,AT,2098,73.57,25.95,0,0,54.9,13.8,0,0,0,0,0,21.41,3.3,4.01,4.08
2024-11-04,AT,2388,82.24,26.04,0,0,62.1,4.6,0,0,0,0,0,31.99,5.21,2.32,4.82
2024-11-11,AT,2319,81.53,25.99,0,0,60.0,7.5,0,0,0,0,0,28.78,5.19,3.72,4.24
2024-11-18,AT,2332,84.17,25.83,0,0,66.2,3.9,0,0,0,0,0,16.02,3.13,6.89,4.47
2024-11-25,AT,3861,97.66,19.45,25,0,56.0,0.3,0,1,0,0,0,23.86,5.73,4.48,3.93
2024-12-02,AT,4917,168.71,25.51,0,1,59.0,9.2,1,0,0,0,0,31.97,4.56,2.49,8.65
2024-12-09,AT,4992,172.01,25.32,0,1,57.4,8.4,1,0,0,0,0,22.09,5.64,2.93,4.46
2024-12-16,AT,4604,158.04,25.57,0,1,54.8,1.8,1,0,0,0,0,0.0,4.65,5.23,5.41
2024-12-23,AT,1908,67.71,25.59,0,0,48.9,-0.3,0,0,0,0,0,0.0,4.67,2.35,3.09
2024-12-30,AT,1355,49.33,27.49,0,0,43.1,-4.4,0,0,0,0,0,0.0,2.56,3.5,5.86
2025-01-06,AT,2196,78.67,26.55,0,1,42.9,-0.3,0,0,0,0,0,0.0,6.07,3.74,3.61
2025-01-13,AT,1725,61.49,25.93,0,0,43.7,-1.5,0,0,0,0,0,0.0,5.76,2.34,6.75
2025-01-20,AT,1632,54.11,26.35,0,0,43.7,-1.3,0,0,0,0,0,0.0,4.96,5.33,3.13
2025-01-27,AT,1646,57.3,26.37,0,0,38.6,7.9,0,0,0,0,0,0.0,5.95,4.92,2.69
2025-02-03,AT,1545,56.42,26.52,0,0,36.5,2.2,0,0,0,0,0,0.0,4.36,2.39,6.49
2025-02-10,AT,2611,94.32,27.14,0,1,40.1,3.5,0,0,1,0,0,0.0,5.51,4.97,4.19
2025-02-17,AT,1694,55.73,23.97,10,0,40.1,2.7,0,0,0,0,0,0.0,3.43,3.96,3.88
2025-02-24,AT,1463,53.03,26.29,0,0,36.3,1.7,0,0,0,0,0,0.0,2.35,8.42,5.79
2025-03-03,AT,1813,55.24,22.58,15,0,34.9,4.9,0,0,0,0,0,0.0,5.78,4.02,1.96
2025-03-10,AT,2133,60.97,22.32,15,1,34.1,4.3,0,0,0,0,0,0.0,5.87,2.56,4.41
2025-03-17,AT,1458,50.81,25.99,0,0,38.4,3.5,0,0,0,0,0,0.0,3.67,4.53,3.15
2025-03-24,AT,1531,50.32,24.03,10,0,32.0,11.5,0,0,0,0,0,0.0,2.67,5.48,1.65
2025-03-31,AT,1772,65.16,26.63,0,0,35.8,10.7,0,0,0,1,0,0.0,4.84,2.85,5.49
2025-04-07,AT,1425,51.61,26.89,0,0,29.6,11.6,0,0,0,1,0,0.0,5.4,7.96,2.13
2025-04-14,AT,1527,55.74,26.64,0,0,30.1,5.3,0,0,0,1,0,0.0,4.9,2.53,5.07
2025-04-21,AT,1630,56.21,26.38,0,1,33.6,9.9,0,0,0,0,0,0.0,3.17,2.75,4.2
2025-04-28,AT,1515,52.21,26.62,0,1,32.7,12.2,0,0,0,0,0,13.96,5.17,1.38,5.66
2025-05-05,AT,1559,50.86,24.02,10,0,38.0,14.1,0,0,0,0,1,14.31,2.72,3.06,0.0
2025-05-12,AT,1019,37.31,26.85,0,0,40.7,16.8,0,0,0,0,0,12.75,5.21,0.0,4.03
2025-05-19,AT,1410,50.97,26.27,0,0,43.6,8.0,0,0,0,0,0,21.5,3.14,2.65,3.36
2025-05-26,AT,1118,39.84,26.72,0,0,39.7,16.2,0,0,0,0,0,0.0,5.63,2.99,4.07
2025-06-02,AT,1162,43.32,27.03,0,0,49.3,16.3,0,0,0,0,0,27.26,2.15,0.0,6.45
2025-06-09,AT,1101,39.55,26.84,0,0,39.3,16.3,0,0,0,0,0,11.49,2.42,1.56,4.01
2025-06-16,AT,1067,37.45,26.55,0,1,45.3,24.2,0,0,0,0,0,10.16,1.68,4.4,3.04
2025-06-23,AT,1146,31.94,21.15,20,0,45.3,22.2,0,0,0,0,0,16.34,5.2,2.44,0.0
2025-06-30,AT,904,31.87,26.95,0,0,45.2,21.5,0,0,0,0,0,45.87,2.16,0.0,6.2
2025-07-07,AT,1252,36.05,21.33,20,0,42.4,22.1,0,0,0,0,0,0.0,2.66,7.83,2.15
2025-07-14,AT,1263,45.72,26.56,0,1,41.0,19.2,0,0,0,0,0,0.0,11.55,3.44,3.1
2025-07-21,AT,723,25.16,26.61,0,0,39.0,24.5,0,0,0,0,0,0.0,4.0,2.31,4.39
2025-07-28,AT,1434,45.66,22.77,15,1,39.1,21.8,0,0,0,0,0,0.0,5.25,2.03,4.34
2025-08-04,AT,1102,41.2,26.94,0,1,45.2,23.3,0,0,0,0,0,24.8,4.1,2.29,2.86
2025-08-11,AT,1189,42.68,26.45,0,0,51.8,20.9,0,0,0,0,0,18.25,9.64,3.78,4.43
2025-08-18,AT,2039,73.38,26.47,0,1,52.5,14.3,0,0,0,0,0,29.87,5.78,3.77,3.59
2025-08-25,AT,902,32.46,26.47,0,0,53.4,26.3,0,0,0,0,0,23.74,4.92,3.99,2.81
2025-09-01,AT,1469,51.83,26.54,0,0,53.0,17.2,0,0,0,0,0,10.94,5.03,0.0,4.94
2025-09-08,AT,1887,68.24,26.6,0,1,41.8,16.9,0,0,0,0,0,0.0,2.46,3.14,5.92
2025-09-15,AT,1240,42.64,26.63,0,0,40.3,20.3,0,0,0,0,0,0.0,3.27,5.66,0.0
2025-09-22,AT,1952,67.76,26.36,0,1,43.8,17.6,0,0,0,0,0,0.0,4.94,2.85,5.18
2025-09-29,AT,2402,88.57,27.05,0,1,40.6,2.7,0,0,0,0,0,0.0,8.88,3.69,8.94
2025-10-06,AT,2012,73.19,26.5,0,0,46.3,13.1,0,0,0,0,0,0.0,5.35,5.84,6.8
2025-10-13,AT,2867,83.14,21.32,20,1,38.9,9.1,0,0,0,0,0,0.0,7.86,2.82,3.39
2025-10-20,AT,1563,58.82,27.12,0,0,40.0,9.3,0,0,0,0,0,0.0,1.85,2.34,3.04
2025-10-27,AT,1992,69.47,26.27,0,0,46.0,8.1,0,0,0,0,0,0.0,4.9,10.53,6.0
2025-11-03,AT,1911,68.77,26.52,0,0,43.6,6.3,0,0,0,0,0,14.54,7.34,2.97,3.46
2025-11-10,AT,4201,120.97,21.14,20,1,59.9,5.7,0,0,0,0,0,26.09,10.43,3.71,7.82
2025-11-17,AT,2340,83.76,27.0,0,0,59.5,3.7,0,0,0,0,0,25.59,5.1,5.96,7.17
2025-11-24,AT,5471,146.85,19.43,25,0,64.0,1.6,0,1,0,0,0,46.51,13.1,4.37,12.94
2025-12-01,AT,5329,195.27,26.84,0,1,65.3,-0.1,1,0,0,0,0,26.93,4.45,4.39,6.15
2025-12-08,AT,5417,196.17,26.72,0,1,62.7,-0.3,1,0,0,0,0,22.12,8.67,4.22,16.78
2025-12-15,AT,7352,212.21,21.08,20,1,55.5,4.7,1,0,0,0,0,0.0,4.34,2.97,5.27
2025-12-22,AT,2565,93.47,26.85,0,0,56.8,6.8,0,0,0,0,0,0.0,4.75,5.82,6.02
2023-01-02,DE,6000,197.92,24.11,0,0,33.8,3.4,0,0,0,0,0,0.0,11.78,8.61,15.99
2023-01-09,DE,8034,258.49,23.85,0,1,45.9,-3.1,0,0,0,0,0,0.0,22.66,11.47,27.6
2023-01-16,DE,7641,195.45,19.09,20,0,46.2,-7.2,0,0,0,0,0,0.0,37.02,25.75,13.59
2023-01-23,DE,9225,295.66,23.86,0,1,43.9,0.9,0,0,0,0,0,0.0,39.65,18.55,18.75
2023-01-30,DE,8215,262.94,24.31,0,1,44.8,-0.9,0,0,0,0,0,0.0,10.79,22.44,16.82
2023-02-06,DE,8964,288.29,23.68,0,0,39.6,4.7,0,0,1,0,0,0.0,21.55,16.03,8.38
2023-02-13,DE,10349,331.85,23.54,0,1,42.6,0.7,0,0,1,0,0,0.0,16.34,12.47,11.71
2023-02-20,DE,6307,202.15,23.48,0,0,35.3,6.2,0,0,0,0,0,0.0,7.49,15.2,8.65
2023-02-27,DE,5744,185.12,23.78,0,0,41.4,0.8,0,0,0,0,0,85.86,7.78,13.15,16.45
2023-03-06,DE,9168,256.16,21.35,10,0,48.9,10.2,0,0,0,0,0,130.95,16.45,15.0,25.11
2023-03-13,DE,12759,353.97,20.37,15,1,51.7,7.6,0,0,0,0,0,101.63,18.49,24.38,12.13
2023-03-20,DE,8445,277.19,23.91,0,0,48.0,2.4,0,0,0,1,0,164.28,7.33,16.71,13.45
2023-03-27,DE,7869,262.73,24.33,0,0,45.5,2.3,0,0,0,1,0,110.76,11.78,21.62,13.48
2023-04-03,DE,8955,285.18,23.56,0,0,52.1,3.4,0,0,0,1,0,0.0,36.16,19.52,18.27
2023-04-10,DE,6052,200.24,24.2,0,0,46.4,9.1,0,0,0,0,0,0.0,25.33,10.17,11.35
2023-04-17,DE,5785,189.32,23.95,0,0,41.9,9.3,0,0,0,0,0,0.0,12.46,13.86,19.7
2023-04-24,DE,5100,164.93,23.59,0,0,37.9,10.9,0,0,0,0,0,0.0,13.91,0.0,11.42
2023-05-01,DE,4401,148.05,23.9,0,0,32.0,10.5,0,0,0,0,0,0.0,14.76,8.36,12.62
2023-05-08,DE,6153,186.58,21.85,10,0,30.7,8.3,0,0,0,0,1,0.0,10.85,9.97,18.39
2023-05-15,DE,4770,154.04,23.57,0,0,32.4,12.2,0,0,0,0,0,0.0,18.65,8.41,13.45
2023-05-22,DE,4016,131.99,23.74,0,0,29.4,14.3,0,0,0,0,0,0.0,9.4,14.6,16.55
2023-05-29,DE,4032,130.53,23.9,0,0,32.5,14.0,0,0,0,0,0,0.0,15.5,14.8,11.81
2023-06-05,DE,4299,139.75,24.4,0,0,36.3,13.2,0,0,0,0,0,0.0,35.98,19.87,12.07
2023-06-12,DE,3221,104.89,23.98,0,0,28.1,19.6,0,0,0,0,0,0.0,13.08,16.15,7.56
2023-06-19,DE,3689,117.9,23.59,0,0,28.4,16.8,0,0,0,0,0,0.0,13.72,9.11,4.94
2023-06-26,DE,4559,130.65,21.68,10,0,29.8,18.0,0,0,0,0,0,0.0,16.3,20.93,10.92
2023-07-03,DE,4436,141.93,23.98,0,0,32.8,15.6,0,0,0,0,0,0.0,25.88,10.86,10.22
2023-07-10,DE,4033,128.88,23.8,0,0,28.9,17.6,0,0,0,0,0,0.0,18.55,16.45,10.93
2023-07-17,DE,4019,128.42,23.74,0,0,33.2,19.6,0,0,0,0,0,0.0,10.48,12.34,14.7
2023-07-24,DE,3888,124.06,23.53,0,0,31.7,19.8,0,0,0,0,0,0.0,13.75,13.03,21.76
2023-07-31,DE,3182,102.55,23.68,0,0,28.4,22.1,0,0,0,0,0,0.0,18.15,22.62,12.03
2023-08-07,DE,3670,114.98,23.64,0,0,31.4,19.7,0,0,0,0,0,0.0,18.86,5.96,12.38
2023-08-14,DE,4449,139.6,23.88,0,0,31.9,15.7,0,0,0,0,0,0.0,19.12,14.33,15.84
2023-08-21,DE,6246,203.63,24.14,0,1,36.6,18.3,0,0,0,0,0,0.0,17.18,39.16,17.49
2023-08-28,DE,4897,158.23,24.0,0,0,38.2,19.4,0,0,0,0,0,0.0,16.18,28.38,22.01
2023-09-04,DE,4551,150.46,24.13,0,0,35.4,19.0,0,0,0,0,0,0.0,12.92,19.95,12.82
2023-09-11,DE,6360,198.97,23.56,0,0,42.1,17.2,0,0,0,0,0,83.01,19.32,15.33,25.65
2023-09-18,DE,6005,197.53,24.08,0,0,48.0,18.5,0,0,0,0,0,77.82,17.35,24.83,19.61
2023-09-25,DE,8307,261.75,24.04,0,0,58.7,15.0,0,0,0,0,0,274.38,22.71,24.69,18.75
2023-10-02,DE,7762,253.1,23.79,0,0,55.2,16.2,0,0,0,0,0,70.42,22.13,13.21,11.9
2023-10-09,DE,9228,302.25,24.15,0,0,54.5,11.3,0,0,0,0,0,52.46,19.48,24.1,19.55
2023-10-16,DE,9713,308.02,23.76,0,0,56.8,12.1,0,0,0,0,0,53.3,32.72,16.6,19.68
2023-10-23,DE,15600,431.73,21.31,10,1,53.6,4.4,0,0,0,0,0,65.15,15.79,12.09,32.78
2023-10-30,DE,11282,292.71,19.3,20,0,39.7,2.3,0,0,0,0,0,0.0,12.07,14.36,26.73
2023-11-06,DE,9359,295.97,23.7,0,0,51.4,9.9,0,0,0,0,0,179.03,23.6,15.12,22.23
2023-11-13,DE,9655,310.39,23.92,0,0,52.5,8.0,0,0,0,0,0,49.25,13.0,9.48,34.93
2023-11-20,DE,30609,758.67,18.14,25,1,56.2,1.0,0,1,0,0,0,72.29,11.66,18.83,21.32
2023-11-27,DE,10938,354.54,23.95,0,0,62.1,7.0,0,0,0,0,0,131.8,35.98,12.85,7.27
2023-12-04,DE,19046,640.82,23.95,0,1,58.9,-1.4,1,0,0,0,0,130.57,14.06,15.58,27.1
2023-12-11,DE,20499,655.61,23.83,0,1,59.4,2.1,1,0,0,0,0,93.47,24.26,35.92,7.88
2023-12-18,DE,18765,606.58,23.89,0,1,55.9,0.1,1,0,0,0,0,0.0,21.5,18.26,18.49
2023-12-25,DE,8862,283.76,23.46,0,0,50.3,2.0,0,0,0,0,0,0.0,20.43,0.0,24.01
2024-01-01,DE,6808,226.08,24.76,0,0,48.3,-3.5,0,0,0,0,0,0.0,27.66,9.25,20.32
2024-01-08,DE,5949,202.5,24.74,0,0,46.2,-3.8,0,0,0,0,0,0.0,13.56,9.16,13.6
2024-01-15,DE,8854,285.66,25.01,0,1,46.9,-1.6,0,0,0,0,0,0.0,31.11,15.47,18.3
2024-01-22,DE,7633,255.58,25.26,0,0,43.0,1.0,0,0,0,0,0,0.0,10.17,24.02,26.94
2024-01-29,DE,8669,279.84,24.66,0,0,43.4,5.4,0,0,0,0,0,0.0,14.24,12.16,42.2
2024-02-05,DE,9880,334.35,25.3,0,0,43.3,1.5,0,0,1,0,0,0.0,29.25,15.88,31.73
2024-02-12,DE,21507,575.47,19.69,20,1,44.1,5.4,0,0,1,0,0,0.0,22.9,19.87,23.95
2024-02-19,DE,9589,323.12,24.74,0,0,48.1,4.1,0,0,0,0,0,0.0,45.54,22.41,27.35
2024-02-26,DE,10182,335.67,24.71,0,1,41.8,5.4,0,0,0,0,0,0.0,30.47,12.76,24.73
2024-03-04,DE,6684,217.28,24.63,0,0,38.3,3.3,0,0,0,0,0,0.0,39.81,0.0,22.44
2024-03-11,DE,8377,290.62,24.93,0,0,35.4,10.0,0,0,0,1,0,0.0,13.75,14.78,13.87
2024-03-18,DE,10900,319.72,21.32,15,0,40.1,4.1,0,0,0,1,0,0.0,16.18,15.56,14.99
2024-03-25,DE,8599,299.81,24.91,0,1,34.1,6.8,0,0,0,1,0,0.0,12.19,10.49,11.04
2024-04-01,DE,7129,233.02,24.72,0,1,35.8,11.9,0,0,0,0,0,0.0,20.07,21.3,0.0
2024-04-08,DE,5771,194.99,24.99,0,1,31.3,8.2,0,0,0,0,0,0.0,25.72,12.62,0.0
2024-04-15,DE,5693,197.37,24.89,0,0,33.6,9.4,0,0,0,0,0,0.0,15.19,9.06,25.08
2024-04-22,DE,6692,225.17,24.54,0,0,43.6,8.5,0,0,0,0,0,146.18,18.68,17.72,13.04
2024-04-29,DE,4674,165.84,25.33,0,0,44.0,18.0,0,0,0,0,0,117.96,9.46,17.63,15.85
2024-05-06,DE,6618,218.63,25.06,0,0,48.9,8.1,0,0,0,0,1,80.41,16.48,0.0,20.59
2024-05-13,DE,4701,157.68,25.07,0,0,51.9,21.4,0,0,0,0,0,170.89,18.31,10.18,30.42
2024-05-20,DE,5151,166.36,24.99,0,0,42.9,16.7,0,0,0,0,0,116.72,7.39,8.76,16.24
2024-05-27,DE,4410,147.53,25.0,0,0,46.2,21.0,0,0,0,0,0,82.59,17.49,13.8,22.61
2024-06-03,DE,6653,185.88,20.86,15,0,49.5,19.2,0,0,0,0,0,112.2,13.44,11.57,13.54
2024-06-10,DE,3997,138.09,24.85,0,0,40.4,22.3,0,0,0,0,0,73.32,5.92,22.96,17.52
2024-06-17,DE,5069,167.27,24.68,0,0,40.0,16.7,0,0,0,0,0,0.0,14.83,13.24,18.17
2024-06-24,DE,3599,120.19,24.62,0,0,34.5,21.8,0,0,0,0,0,0.0,15.38,13.8,11.41
2024-07-01,DE,4000,131.31,24.43,0,0,38.0,19.0,0,0,0,0,0,0.0,22.04,10.69,6.85
2024-07-08,DE,3846,128.69,24.92,0,0,33.6,19.4,0,0,0,0,0,0.0,18.24,12.15,16.77
2024-07-15,DE,4415,149.02,24.88,0,0,36.2,18.0,0,0,0,0,0,0.0,20.91,16.43,11.23
2024-07-22,DE,3768,97.4,19.65,20,0,30.9,25.3,0,0,0,0,0,0.0,12.61,12.81,15.51
2024-07-29,DE,4049,142.1,25.04,0,0,37.6,19.0,0,0,0,0,0,0.0,16.54,8.71,26.74
2024-08-05,DE,4690,159.63,24.55,0,0,32.7,14.4,0,0,0,0,0,0.0,14.44,10.93,7.88
2024-08-12,DE,3955,134.51,24.87,0,0,35.0,21.2,0,0,0,0,0,0.0,34.5,19.15,19.26
2024-08-19,DE,3941,136.05,24.95,0,0,36.6,22.4,0,0,0,0,0,0.0,41.11,6.96,25.29
2024-08-26,DE,5075,162.78,24.26,0,0,39.4,21.6,0,0,0,0,0,0.0,42.68,15.94,37.55
2024-09-02,DE,5812,191.11,24.85,0,0,40.1,16.7,0,0,0,0,0,72.11,9.08,15.73,14.46
2024-09-09,DE,5743,190.29,24.94,0,0,42.3,16.7,0,0,0,0,0,50.62,24.16,9.22,19.31
2024-09-16,DE,6809,228.08,24.76,0,0,47.4,17.4,0,0,0,0,0,103.97,13.6,31.62,24.06
2024-09-23,DE,7798,254.81,24.72,0,0,50.9,13.3,0,0,0,0,0,128.64,22.07,12.91,22.65
2024-09-30,DE,8574,298.71,24.92,0,0,51.6,13.7,0,0,0,0,0,68.77,14.74,27.35,13.9
2024-10-07,DE,10405,354.59,25.07,0,0,56.2,12.3,0,0,0,0,0,0.0,39.43,29.53,37.64
2024-10-14,DE,11935,402.69,25.18,0,1,45.9,7.5,0,0,0,0,0,0.0,15.82,21.15,26.46
2024-10-21,DE,11085,378.35,25.04,0,1,40.8,5.0,0,0,0,0,0,0.0,18.9,15.0,31.46
2024-10-28,DE,8082,276.52,25.09,0,0,38.9,6.9,0,0,0,0,0,0.0,11.28,13.97,21.78
2024-11-04,DE,8965,300.97,24.73,0,0,50.7,9.3,0,0,0,0,0,95.28,14.21,9.86,0.0
2024-11-11,DE,9723,315.27,24.61,0,0,52.2,3.5,0,0,0,0,0,85.77,23.23,11.09,23.04
2024-11-18,DE,11126,363.85,24.39,0,0,55.3,9.3,0,0,0,0,0,128.82,14.63,18.44,34.39
2024-11-25,DE,34804,881.43,18.3,25,1,54.4,6.4,0,1,0,0,0,49.98,10.54,28.87,13.85
2024-12-02,DE,21855,738.84,24.68,0,1,64.6,-0.0,1,0,0,0,0,185.27,15.06,9.63,13.68
2024-12-09,DE,20923,724.32,25.02,0,1,57.4,-0.6,1,0,0,0,0,116.83,18.82,14.34,33.22
2024-12-16,DE,18576,620.6,24.57,0,1,55.4,-5.6,1,0,0,0,0,0.0,15.93,12.28,39.8
2024-12-23,DE,10497,350.8,24.96,0,0,52.1,0.6,0,0,0,0,0,0.0,13.63,16.87,14.2
2024-12-30,DE,8393,293.19,25.82,0,0,46.8,-2.8,0,0,0,0,0,0.0,15.95,26.57,44.73
2025-01-06,DE,9397,322.63,26.0,0,0,45.3,4.6,0,0,0,0,0,0.0,35.85,20.28,22.45
2025-01-13,DE,8963,312.34,25.96,0,0,44.5,4.0,0,0,0,0,0,0.0,23.98,19.81,12.2
2025-01-20,DE,9467,331.63,25.3,0,0,47.5,1.2,0,0,0,0,0,0.0,13.08,9.91,49.09
2025-01-27,DE,7492,261.29,25.91,0,0,42.5,-2.0,0,0,0,0,0,0.0,14.62,24.16,19.84
2025-02-03,DE,11437,397.52,25.68,0,1,50.5,-2.8,0,0,0,0,0,194.08,17.19,17.75,31.53
2025-02-10,DE,22324,627.14,20.68,20,1,59.7,2.9,0,0,1,0,0,85.31,18.48,0.0,15.36
2025-02-17,DE,8677,297.95,26.01,0,0,54.7,2.9,0,0,0,0,0,77.37,18.46,20.88,8.3
2025-02-24,DE,8501,292.14,25.55,0,0,49.4,2.7,0,0,0,0,0,0.0,8.39,15.14,16.87
2025-03-03,DE,7935,266.6,25.33,0,0,44.8,2.8,0,0,0,0,0,0.0,14.69,18.37,28.59
2025-03-10,DE,6807,243.17,25.71,0,0,37.3,5.2,0,0,0,0,0,0.0,9.53,21.69,5.31
2025-03-17,DE,8486,289.27,25.58,0,1,38.1,1.1,0,0,0,0,0,0.0,16.61,27.05,25.21
2025-03-24,DE,7907,275.57,25.55,0,1,37.0,1.9,0,0,0,0,0,0.0,30.08,9.26,15.09
2025-03-31,DE,8195,285.13,25.39,0,0,44.2,10.2,0,0,0,1,0,0.0,17.18,18.11,10.76
2025-04-07,DE,10893,345.36,23.21,10,1,39.3,9.1,0,0,0,1,0,0.0,20.56,11.77,19.15
2025-04-14,DE,7331,261.67,25.59,0,0,36.4,7.2,0,0,0,1,0,0.0,15.17,14.29,37.23
2025-04-21,DE,5953,202.37,25.48,0,0,38.0,10.2,0,0,0,0,0,0.0,18.4,15.39,25.47
2025-04-28,DE,5310,183.28,25.76,0,0,31.8,12.9,0,0,0,0,0,0.0,23.36,12.9,21.91
2025-05-05,DE,6274,220.07,26.17,0,0,32.0,16.9,0,0,0,0,1,0.0,27.4,23.95,26.27
2025-05-12,DE,8107,282.43,25.73,0,1,36.4,14.3,0,0,0,0,0,0.0,21.87,13.7,19.7
2025-05-19,DE,5852,204.63,25.5,0,0,29.8,11.8,0,0,0,0,0,0.0,20.12,19.26,38.29
2025-05-26,DE,3446,123.75,26.04,0,0,31.8,22.3,0,0,0,0,0,0.0,16.94,6.97,14.97
2025-06-02,DE,4722,169.08,25.72,0,1,31.1,20.3,0,0,0,0,0,0.0,11.09,9.24,8.69
2025-06-09,DE,5179,178.45,25.65,0,0,32.5,10.5,0,0,0,0,0,0.0,18.55,10.24,23.54
2025-06-16,DE,4094,144.62,25.73,0,0,31.2,19.8,0,0,0,0,0,0.0,11.15,18.61,18.51
2025-06-23,DE,4459,155.86,26.29,0,1,27.8,19.3,0,0,0,0,0,0.0,27.49,38.87,10.26
2025-06-30,DE,5135,156.64,22.17,15,1,26.3,20.2,0,0,0,0,0,0.0,17.56,14.06,21.75
2025-07-07,DE,4529,152.52,25.35,0,0,29.2,15.6,0,0,0,0,0,0.0,13.4,30.34,18.24
2025-07-14,DE,3560,126.28,25.68,0,0,33.5,21.9,0,0,0,0,0,0.0,12.37,13.02,15.59
2025-07-21,DE,4478,154.0,25.58,0,0,37.8,19.6,0,0,0,0,0,103.82,19.7,17.81,15.64
2025-07-28,DE,5582,196.14,25.69,0,1,38.7,22.5,0,0,0,0,0,43.38,11.79,8.0,28.21
2025-08-04,DE,5549,189.5,25.09,0,0,41.1,20.8,0,0,0,0,0,139.63,9.15,18.28,16.15
2025-08-11,DE,7543,255.82,25.64,0,1,53.5,20.4,0,0,0,0,0,42.76,35.25,10.26,13.22
2025-08-18,DE,8034,254.2,23.18,10,0,51.7,17.1,0,0,0,0,0,172.05,16.02,11.48,24.63
2025-08-25,DE,9410,326.63,25.61,0,1,43.4,12.4,0,0,0,0,0,0.0,32.4,16.76,13.85
2025-09-01,DE,8433,290.62,25.9,0,0,46.3,13.4,0,0,0,0,0,0.0,8.87,23.11,33.59
2025-09-08,DE,7509,253.68,25.8,0,0,40.7,14.8,0,0,0,0,0,0.0,39.32,14.07,15.62
2025-09-15,DE,6551,227.34,25.84,0,0,55.9,22.0,0,0,0,0,0,141.67,18.17,14.6,17.94
2025-09-22,DE,11142,386.86,25.78,0,1,52.2,17.0,0,0,0,0,0,93.14,15.8,17.03,38.86
2025-09-29,DE,9137,307.24,25.65,0,0,48.8,13.5,0,0,0,0,0,76.21,22.71,29.4,36.34
2025-10-06,DE,12434,352.3,21.41,15,0,52.1,11.7,0,0,0,0,0,82.78,19.24,9.14,27.12
2025-10-13,DE,15052,425.6,20.68,20,0,57.5,11.8,0,0,0,0,0,51.03,21.47,11.36,29.4
2025-10-20,DE,9636,330.56,25.66,0,0,49.6,7.7,0,0,0,0,0,0.0,14.49,20.44,24.07
2025-10-27,DE,12734,444.01,25.36,0,1,46.8,9.2,0,0,0,0,0,0.0,10.88,13.53,18.66
2025-11-03,DE,9941,350.46,25.4,0,0,49.5,10.4,0,0,0,0,0,110.66,33.97,19.62,21.5
2025-11-10,DE,11006,396.84,25.51,0,0,51.7,6.8,0,0,0,0,0,63.91,11.65,16.37,36.51
2025-11-17,DE,12294,418.88,25.66,0,0,61.6,7.4,0,0,0,0,0,151.75,10.64,17.56,23.35
2025-11-24,DE,25967,666.9,19.16,25,0,59.5,1.6,0,1,0,0,0,67.51,42.98,11.63,24.71
2025-12-01,DE,18025,624.26,26.03,0,1,59.7,-4.3,1,0,0,0,0,119.44,56.77,9.28,19.57
2025-12-08,DE,24003,797.63,25.38,0,1,62.0,-1.5,1,0,0,0,0,132.41,14.77,9.2,37.73
2025-12-15,DE,18254,645.59,25.83,0,1,53.4,-4.0,1,0,0,0,0,0.0,31.26,16.15,19.4
2025-12-22,DE,15509,539.79,25.74,0,1,53.4,3.2,0,0,0,0,0,0.0,24.35,30.71,25.1
2023-01-02,CH,1065,34.58,23.84,20,0,44.7,-3.0,0,0,0,0,0,0.0,4.09,3.93,2.08
2023-01-09,CH,958,37.19,29.88,0,0,44.0,-2.9,0,0,0,0,0,0.0,3.93,1.28,2.79
2023-01-16,CH,1063,43.52,29.85,0,0,39.9,-0.9,0,0,0,0,0,0.0,3.28,4.5,2.33
2023-01-23,CH,1141,42.17,26.71,10,0,40.0,0.9,0,0,0,0,0,0.0,2.36,3.57,2.93
2023-01-30,CH,1117,36.1,23.76,20,0,36.8,-1.5,0,0,0,0,0,0.0,7.89,1.53,3.29
2023-02-06,CH,1266,49.47,29.68,0,0,44.2,-0.4,0,0,1,0,0,0.0,4.81,5.41,0.0
2023-02-13,CH,1318,53.78,30.19,0,0,44.1,6.1,0,0,1,0,0,0.0,2.97,2.95,2.16
2023-02-20,CH,957,38.77,29.98,0,0,37.4,2.3,0,0,0,0,0,0.0,2.7,1.83,5.46
2023-02-27,CH,1426,56.39,30.06,0,1,40.8,3.5,0,0,0,0,0,0.0,3.22,1.76,3.62
2023-03-06,CH,1409,49.31,25.4,15,1,33.7,3.3,0,0,0,0,0,0.0,1.54,3.08,3.42
2023-03-13,CH,1237,49.11,29.56,0,1,40.0,3.5,0,0,0,0,0,0.0,4.21,3.17,3.23
2023-03-20,CH,1078,42.44,29.71,0,0,34.5,3.2,0,0,0,1,0,0.0,1.95,3.27,4.57
2023-03-27,CH,925,37.0,29.66,0,0,32.8,1.2,0,0,0,1,0,0.0,1.94,2.97,2.63
2023-04-03,CH,986,39.88,29.88,0,0,33.8,5.7,0,0,0,1,0,0.0,2.02,2.78,1.2
2023-04-10,CH,888,30.33,25.59,15,0,34.8,7.1,0,0,0,0,0,0.0,1.27,1.87,1.72
2023-04-17,CH,806,31.74,29.65,0,0,37.5,10.7,0,0,0,0,0,0.0,5.83,2.69,4.45
2023-04-24,CH,715,28.2,29.4,0,0,34.0,11.2,0,0,0,0,0,0.0,1.84,1.96,0.0
2023-05-01,CH,777,28.38,27.02,10,0,35.2,13.8,0,0,0,0,0,0.0,2.18,2.66,1.88
2023-05-08,CH,732,30.22,29.83,0,0,29.2,15.7,0,0,0,0,1,0.0,2.0,1.69,2.38
2023-05-15,CH,646,25.32,29.98,0,0,26.9,6.5,0,0,0,0,0,0.0,1.04,1.06,2.35
2023-05-22,CH,548,21.72,29.88,0,0,30.2,18.0,0,0,0,0,0,0.0,2.38,1.82,1.15
2023-05-29,CH,636,25.8,29.84,0,0,25.7,13.8,0,0,0,0,0,0.0,2.12,2.82,2.06
2023-06-05,CH,617,24.73,29.84,0,0,33.5,17.4,0,0,0,0,0,0.0,1.82,0.0,2.9
2023-06-12,CH,700,28.64,29.2,0,0,27.8,9.6,0,0,0,0,0,0.0,2.97,1.5,1.95
2023-06-19,CH,684,22.61,25.19,15,0,27.6,16.2,0,0,0,0,0,0.0,1.64,2.24,3.55
2023-06-26,CH,740,29.34,29.82,0,0,30.4,9.7,0,0,0,0,0,0.0,1.66,2.23,2.54
2023-07-03,CH,549,22.78,29.95,0,0,30.0,18.9,0,0,0,0,0,0.0,3.04,0.99,2.06
2023-07-10,CH,528,18.67,25.45,15,0,27.6,20.7,0,0,0,0,0,0.0,2.84,1.22,1.86
2023-07-17,CH,587,22.79,30.03,0,0,27.5,17.1,0,0,0,0,0,0.0,2.47,3.66,1.08
2023-07-24,CH,704,22.91,24.25,20,0,32.5,19.9,0,0,0,0,0,0.0,3.34,1.53,2.53
2023-07-31,CH,744,29.52,29.83,0,0,35.3,17.4,0,0,0,0,0,0.0,2.94,2.0,2.37
2023-08-07,CH,739,29.92,30.03,0,0,34.2,18.9,0,0,0,0,0,0.0,3.76,2.24,2.3
2023-08-14,CH,714,28.78,30.02,0,0,33.0,18.2,0,0,0,0,0,0.0,2.07,1.28,5.04
2023-08-21,CH,1109,35.62,23.74,20,1,32.9,21.0,0,0,0,0,0,0.0,2.32,1.11,3.27
2023-08-28,CH,914,35.92,30.17,0,0,33.4,14.9,0,0,0,0,0,0.0,2.5,4.93,4.24
2023-09-04,CH,804,32.98,30.37,0,0,31.9,17.5,0,0,0,0,0,0.0,4.79,1.65,2.57
2023-09-11,CH,1018,32.16,23.76,20,0,31.0,17.6,0,0,0,0,0,0.0,2.74,1.7,1.7
2023-09-18,CH,1007,40.87,30.24,0,0,39.1,15.4,0,0,0,0,0,0.0,2.52,3.55,2.37
2023-09-25,CH,1194,48.75,29.64,0,0,44.8,12.9,0,0,0,0,0,0.0,3.15,3.6,2.97
2023-10-02,CH,1138,47.28,30.54,0,0,40.4,10.0,0,0,0,0,0,0.0,4.21,2.12,1.86
2023-10-09,CH,1131,45.31,30.21,0,0,33.8,10.3,0,0,0,0,0,0.0,1.94,3.65,5.04
2023-10-16,CH,1252,51.82,30.14,0,0,41.1,12.7,0,0,0,0,0,0.0,1.8,1.67,6.6
2023-10-23,CH,1618,65.59,29.97,0,1,39.9,6.3,0,0,0,0,0,0.0,4.49,4.89,1.54
2023-10-30,CH,1473,48.98,25.61,15,0,42.0,12.5,0,0,0,0,0,0.0,2.65,2.76,2.75
2023-11-06,CH,1786,59.45,25.38,15,0,45.4,9.2,0,0,0,0,0,0.0,3.3,2.0,4.67
2023-11-13,CH,1646,65.42,29.75,0,0,47.8,11.4,0,0,0,0,0,0.0,2.83,3.25,4.23
2023-11-20,CH,1723,53.16,22.54,25,0,39.3,-5.9,0,1,0,0,0,0.0,3.4,4.24,1.76
2023-11-27,CH,1861,61.21,24.1,20,0,42.9,2.0,0,0,0,0,0,0.0,3.01,4.59,3.82
2023-12-04,CH,3138,125.68,29.46,0,1,42.0,0.4,1,0,0,0,0,0.0,3.01,3.18,4.35
2023-12-11,CH,3139,133.14,30.26,0,1,48.2,-0.4,1,0,0,0,0,0.0,3.68,3.18,5.91
2023-12-18,CH,2935,123.86,29.92,0,1,39.2,0.7,1,0,0,0,0,0.0,1.69,3.37,2.94
2023-12-25,CH,1557,60.82,29.44,0,0,48.9,0.2,0,0,0,0,0,0.0,3.74,1.95,4.12
2024-01-01,CH,1668,67.89,30.85,0,0,43.4,6.6,0,0,0,0,0,0.0,2.53,3.5,2.16
2024-01-08,CH,1569,65.01,31.16,0,0,49.3,0.2,0,0,0,0,0,0.0,5.02,4.12,0.0
2024-01-15,CH,1783,57.79,24.83,20,1,46.7,-2.8,0,0,0,0,0,0.0,4.29,0.0,2.73
2024-01-22,CH,1124,37.38,24.85,20,0,43.4,-7.2,0,0,0,0,0,0.0,3.57,4.27,0.0
2024-01-29,CH,1793,62.55,26.05,15,0,44.8,6.2,0,0,0,0,0,0.0,4.03,2.81,6.1
2024-02-05,CH,2370,100.18,31.52,0,1,46.9,1.0,0,0,1,0,0,0.0,4.27,2.55,6.28
2024-02-12,CH,1330,55.41,30.65,0,1,40.8,-8.7,0,0,1,0,0,0.0,3.95,2.71,3.4
2024-02-19,CH,1117,48.67,31.22,0,0,39.1,-1.5,0,0,0,0,0,0.0,2.26,5.57,1.59
2024-02-26,CH,1116,46.69,30.26,0,0,41.5,-1.0,0,0,0,0,0,0.0,2.75,2.39,2.25
2024-03-04,CH,1096,46.51,30.94,0,0,39.2,6.2,0,0,0,0,0,0.0,3.39,1.25,0.0
2024-03-11,CH,1475,62.25,31.34,0,0,42.6,3.9,0,0,0,1,0,0.0,3.79,2.71,3.4
2024-03-18,CH,1684,64.41,28.43,10,0,40.5,8.7,0,0,0,1,0,0.0,4.21,3.63,1.92
2024-03-25,CH,1269,52.94,31.2,0,0,32.2,10.5,0,0,0,1,0,0.0,4.25,2.97,2.64
2024-04-01,CH,1046,42.16,30.15,0,0,32.2,4.8,0,0,0,0,0,0.0,1.33,1.85,2.82
2024-04-08,CH,1006,43.37,31.33,0,0,33.9,12.6,0,0,0,0,0,0.0,12.21,1.93,2.4
2024-04-15,CH,1044,43.15,30.98,0,0,37.7,7.6,0,0,0,0,0,0.0,4.75,1.77,0.0
2024-04-22,CH,1170,51.27,31.65,0,1,37.2,11.7,0,0,0,0,0,0.0,4.63,0.0,3.96
2024-04-29,CH,959,39.03,30.89,0,0,31.5,7.1,0,0,0,0,0,0.0,2.01,2.38,3.14
2024-05-06,CH,987,41.55,30.46,0,0,29.8,15.3,0,0,0,0,1,0.0,2.31,3.95,0.98
2024-05-13,CH,1056,34.85,24.77,20,0,30.6,15.0,0,0,0,0,0,0.0,2.75,3.57,2.91
2024-05-20,CH,892,37.34,30.83,0,0,30.5,15.3,0,0,0,0,0,0.0,0.95,2.33,5.42
2024-05-27,CH,918,38.05,30.66,0,0,29.1,13.6,0,0,0,0,0,0.0,2.93,3.99,2.32
2024-06-03,CH,775,32.7,30.91,0,0,25.7,16.0,0,0,0,0,0,0.0,1.89,2.62,2.33
2024-06-10,CH,709,30.34,31.12,0,0,27.9,19.0,0,0,0,0,0,0.0,2.57,2.21,1.95
2024-06-17,CH,677,28.12,31.63,0,0,26.2,17.5,0,0,0,0,0,0.0,3.24,2.49,2.52
2024-06-24,CH,640,26.92,31.11,0,0,24.8,19.4,0,0,0,0,0,0.0,2.19,3.98,1.66
2024-07-01,CH,702,29.55,31.36,0,0,35.8,20.3,0,0,0,0,0,0.0,2.19,1.26,1.74
2024-07-08,CH,1252,50.98,31.26,0,1,36.4,16.5,0,0,0,0,0,0.0,2.33,1.15,6.29
2024-07-15,CH,734,31.57,31.15,0,0,26.2,17.8,0,0,0,0,0,0.0,3.74,1.96,3.09
2024-07-22,CH,881,38.28,31.35,0,0,30.0,16.3,0,0,0,0,0,0.0,2.12,3.23,2.72
2024-07-29,CH,1218,40.81,24.62,20,0,33.0,14.9,0,0,0,0,0,0.0,2.56,2.87,2.51
2024-08-05,CH,1017,42.03,30.52,0,0,35.5,16.2,0,0,0,0,0,0.0,3.29,2.71,2.75
2024-08-12,CH,1181,41.5,25.89,15,0,40.2,17.9,0,0,0,0,0,0.0,4.9,2.32,1.77
2024-08-19,CH,659,27.34,31.14,0,0,29.1,22.7,0,0,0,0,0,0.0,2.49,1.74,1.78
2024-08-26,CH,1135,49.93,31.17,0,1,36.8,16.7,0,0,0,0,0,0.0,3.0,2.09,0.0
2024-09-02,CH,1089,46.07,30.32,0,0,33.6,16.3,0,0,0,0,0,0.0,1.4,2.56,2.06
2024-09-09,CH,1103,49.12,31.27,0,0,31.5,13.7,0,0,0,0,0,0.0,1.61,7.8,0.0
2024-09-16,CH,1776,59.14,24.68,20,1,35.2,11.8,0,0,0,0,0,0.0,3.22,2.54,3.33
2024-09-23,CH,1270,50.37,30.31,0,0,38.0,13.2,0,0,0,0,0,0.0,5.33,3.72,2.69
2024-09-30,CH,1665,63.68,28.01,10,0,40.1,10.7,0,0,0,0,0,0.0,1.84,2.73,6.94
2024-10-07,CH,1355,56.81,30.83,0,0,36.2,5.1,0,0,0,0,0,0.0,2.23,3.17,0.0
2024-10-14,CH,1524,62.66,31.02,0,0,41.0,12.9,0,0,0,0,0,0.0,3.44,3.45,5.88
2024-10-21,CH,1756,57.19,24.64,20,0,31.3,6.5,0,0,0,0,0,0.0,4.56,2.28,4.07
2024-10-28,CH,2178,87.9,30.61,0,1,39.8,4.9,0,0,0,0,0,0.0,3.61,2.63,3.28
2024-11-04,CH,2068,73.66,26.0,15,0,43.5,0.6,0,0,0,0,0,0.0,4.8,3.92,2.32
2024-11-11,CH,2088,85.49,30.74,0,0,43.6,5.1,0,0,0,0,0,0.0,4.36,5.23,4.96
2024-11-18,CH,2557,110.19,30.86,0,1,42.7,4.6,0,0,0,0,0,0.0,3.89,2.61,3.06
2024-11-25,CH,3206,100.94,23.54,25,0,42.6,2.2,0,1,0,0,0,0.0,6.51,5.27,3.15
2024-12-02,CH,4197,172.41,30.96,0,1,47.6,8.3,1,0,0,0,0,0.0,7.87,2.12,5.27
2024-12-09,CH,4051,135.88,25.07,20,1,48.2,-2.7,1,0,0,0,0,0.0,3.91,2.96,4.08
2024-12-16,CH,3575,153.9,30.77,0,1,40.3,4.7,1,0,0,0,0,0.0,3.34,1.39,3.7
2024-12-23,CH,2302,76.93,25.06,20,0,46.9,3.5,0,0,0,0,0,0.0,3.63,2.05,2.66
2024-12-30,CH,1785,72.65,31.82,0,0,45.8,-2.4,0,0,0,0,0,0.0,8.64,2.82,4.79
2025-01-06,CH,1746,78.22,31.86,0,0,42.1,0.2,0,0,0,0,0,0.0,2.7,3.23,2.31
2025-01-13,CH,1911,82.5,31.78,0,1,42.2,-0.7,0,0,0,0,0,0.0,4.66,3.0,0.0
2025-01-20,CH,1865,79.64,31.86,0,0,43.5,1.3,0,0,0,0,0,0.0,3.38,2.1,3.25
2025-01-27,CH,1806,63.48,25.81,20,0,45.8,-4.7,0,0,0,0,0,0.0,6.77,1.96,6.04
2025-02-03,CH,1746,77.09,31.99,0,0,42.0,-2.2,0,0,0,0,0,0.0,3.32,2.04,5.05
2025-02-10,CH,2790,93.64,25.77,20,0,39.4,2.9,0,0,1,0,0,0.0,3.58,6.17,2.93
2025-02-17,CH,1399,61.22,32.22,0,0,37.3,-3.0,0,0,0,0,0,0.0,4.74,4.43,5.04
2025-02-24,CH,2049,88.96,32.17,0,1,42.0,0.8,0,0,0,0,0,0.0,2.21,4.12,2.33
2025-03-03,CH,2156,73.62,25.61,20,0,41.2,5.4,0,0,0,0,0,0.0,5.34,3.27,4.86
2025-03-10,CH,1513,68.12,32.77,0,0,39.1,5.8,0,0,0,0,0,0.0,5.13,4.5,0.0
2025-03-17,CH,1213,52.57,31.93,0,0,32.7,-0.7,0,0,0,0,0,0.0,3.65,2.21,3.49
2025-03-24,CH,1408,59.94,32.1,0,0,34.7,12.2,0,0,0,0,0,0.0,4.12,0.0,4.13
2025-03-31,CH,1285,57.71,31.84,0,0,30.8,-3.2,0,0,0,1,0,0.0,3.99,1.51,2.1
2025-04-07,CH,1749,73.94,31.2,0,0,39.4,5.1,0,0,0,1,0,0.0,3.13,3.67,1.8
2025-04-14,CH,1974,89.63,32.19,0,1,38.3,9.8,0,0,0,1,0,0.0,4.01,1.89,2.47
2025-04-21,CH,1308,55.72,31.64,0,0,35.9,4.9,0,0,0,0,0,0.0,4.53,1.44,2.28
2025-04-28,CH,1092,46.65,31.92,0,0,33.7,12.9,0,0,0,0,0,0.0,5.68,1.52,1.56
2025-05-05,CH,1633,60.37,27.68,15,0,37.6,5.7,0,0,0,0,1,0.0,3.12,2.07,2.11
2025-05-12,CH,1249,53.37,31.94,0,1,29.1,13.2,0,0,0,0,0,0.0,1.9,3.25,2.16
2025-05-19,CH,1013,45.93,32.17,0,0,24.7,12.0,0,0,0,0,0,0.0,3.88,3.46,2.38
2025-05-26,CH,1106,40.2,27.28,15,0,33.0,17.6,0,0,0,0,0,0.0,5.8,1.34,4.15
2025-06-02,CH,839,37.31,32.85,0,0,36.4,21.5,0,0,0,0,0,0.0,4.9,1.82,3.98
2025-06-09,CH,894,37.96,31.58,0,0,29.6,17.6,0,0,0,0,0,0.0,1.27,2.18,0.0
2025-06-16,CH,1013,43.53,32.4,0,0,29.0,17.0,0,0,0,0,0,0.0,4.98,5.12,3.36
2025-06-23,CH,1005,43.24,32.27,0,0,27.5,15.6,0,0,0,0,0,0.0,1.61,2.6,3.43
2025-06-30,CH,883,39.85,32.25,0,0,29.0,20.8,0,0,0,0,0,0.0,3.96,2.13,4.49
2025-07-07,CH,1000,43.72,32.1,0,0,29.6,18.6,0,0,0,0,0,0.0,3.32,2.4,4.95
2025-07-14,CH,1292,44.17,25.69,20,0,32.6,16.9,0,0,0,0,0,0.0,2.64,2.23,1.94
2025-07-21,CH,1281,55.77,32.04,0,0,32.3,15.5,0,0,0,0,0,0.0,5.91,4.02,3.61
2025-07-28,CH,898,37.61,32.21,0,0,35.0,21.2,0,0,0,0,0,0.0,1.56,0.0,2.78
2025-08-04,CH,1171,49.37,31.3,0,0,27.9,15.5,0,0,0,0,0,0.0,3.45,4.45,2.72
2025-08-11,CH,987,41.39,32.08,0,0,29.5,19.4,0,0,0,0,0,0.0,1.82,1.68,4.09
2025-08-18,CH,1429,63.06,32.06,0,0,38.5,15.7,0,0,0,0,0,0.0,5.26,3.36,4.32
2025-08-25,CH,1539,59.79,29.08,10,0,35.4,14.2,0,0,0,0,0,0.0,5.59,2.18,1.17
2025-09-01,CH,1401,61.9,31.92,0,0,35.9,15.9,0,0,0,0,0,0.0,5.86,1.96,2.88
2025-09-08,CH,847,36.74,31.99,0,0,39.0,24.8,0,0,0,0,0,0.0,2.4,1.83,0.0
2025-09-15,CH,1198,51.38,32.38,0,0,33.4,19.1,0,0,0,0,0,0.0,3.37,3.95,2.4
2025-09-22,CH,1372,61.71,32.3,0,0,41.9,20.6,0,0,0,0,0,0.0,7.57,2.72,3.15
2025-09-29,CH,1804,79.71,31.87,0,0,38.2,13.6,0,0,0,0,0,0.0,4.72,2.39,2.58
2025-10-06,CH,1877,81.32,32.2,0,0,40.5,15.0,0,0,0,0,0,0.0,8.07,3.26,2.34
2025-10-13,CH,2295,95.35,31.7,0,0,45.3,10.9,0,0,0,0,0,0.0,4.26,1.39,5.27
2025-10-20,CH,2240,97.53,32.17,0,0,46.8,16.4,0,0,0,0,0,0.0,5.08,4.04,6.62
2025-10-27,CH,2161,95.37,31.86,0,0,40.8,11.0,0,0,0,0,0,0.0,1.99,1.6,5.01
2025-11-03,CH,2246,98.34,32.1,0,0,38.3,7.9,0,0,0,0,0,0.0,3.62,4.4,3.5
2025-11-10,CH,2515,107.23,32.54,0,0,46.8,3.7,0,0,0,0,0,0.0,6.87,2.48,8.83
2025-11-17,CH,2650,102.78,28.78,10,0,47.8,1.3,0,0,0,0,0,0.0,5.07,2.77,3.14
2025-11-24,CH,3886,125.16,24.02,25,0,43.6,1.4,0,1,0,0,0,0.0,6.07,1.91,4.65
2025-12-01,CH,4194,179.19,32.07,0,1,39.5,6.6,1,0,0,0,0,0.0,3.12,1.97,1.77
2025-12-08,CH,4626,201.98,32.15,0,1,50.6,1.5,1,0,0,0,0,0.0,4.18,2.85,3.19
2025-12-15,CH,4595,203.56,31.76,0,1,46.4,-0.7,1,0,0,0,0,0.0,4.0,2.77,5.36
2025-12-22,CH,2099,92.31,32.46,0,0,46.1,-0.0,0,0,0,0,0,0.0,3.19,2.73,0.0
