week,country,avg_price_eur,discount_pct,free_shipping,temperature_normal_c,xmas,black_friday,valentine,easter,mothers_day,spend_tv_k,spend_online_video_k,spend_paid_search_k,spend_paid_social_k
2025-12-29,AT,27.93,0,0,-1.6,0,0,0,0,0,0.0,3.13,4.8,6.66
2026-01-05,AT,27.6,0,0,1.7,0,0,0,0,0,0.0,4.84,1.42,8.68
2026-01-12,AT,23.71,15,1,0.5,0,0,0,0,0,0.0,4.54,4.24,4.09
2026-01-19,AT,22.1,20,0,-0.2,0,0,0,0,0,0.0,4.32,4.62,0.0
2026-01-26,AT,28.04,0,1,6.8,0,0,0,0,0,26.3,5.52,4.94,4.48
2026-02-02,AT,25.26,10,0,2.1,0,0,0,0,0,18.67,4.27,3.37,4.05
2026-02-09,AT,22.26,20,1,3.5,0,0,1,0,0,13.18,3.29,3.35,4.04
2026-02-16,AT,27.89,0,1,3.5,0,0,0,0,0,34.49,2.6,4.9,8.39
2026-02-23,AT,27.96,0,0,2.3,0,0,0,0,0,41.05,3.59,2.99,4.1
2026-03-02,AT,23.53,15,0,2.2,0,0,0,0,0,25.84,8.92,2.57,4.48
2026-03-09,AT,27.73,0,0,3.9,0,0,0,0,0,0.0,3.37,4.09,5.68
2026-03-16,AT,27.04,0,0,7.7,0,0,0,1,0,0.0,3.72,4.66,9.11
2026-03-23,AT,27.27,0,0,7.5,0,0,0,1,0,0.0,7.08,3.33,5.53
2025-12-29,DE,26.44,0,0,-1.0,0,0,0,0,0,0.0,40.18,15.51,13.01
2026-01-05,DE,26.42,0,0,-0.8,0,0,0,0,0,0.0,33.09,17.07,27.13
2026-01-12,DE,26.35,0,0,-1.6,0,0,0,0,0,0.0,32.57,13.57,29.58
2026-01-19,DE,26.12,0,0,1.0,0,0,0,0,0,0.0,15.49,14.0,11.29
2026-01-26,DE,26.84,0,0,0.8,0,0,0,0,0,104.95,18.26,0.0,23.69
2026-02-02,DE,26.81,0,0,1.1,0,0,0,0,0,84.55,31.2,13.7,18.18
2026-02-09,DE,26.43,0,0,3.0,0,0,1,0,0,169.79,16.68,10.9,28.17
2026-02-16,DE,27.03,0,0,4.4,0,0,0,0,0,91.15,25.17,13.08,15.48
2026-02-23,DE,26.98,0,1,3.0,0,0,0,0,0,172.45,24.14,14.05,32.66
2026-03-02,DE,26.24,0,0,5.4,0,0,0,0,0,68.04,24.58,12.3,53.16
2026-03-09,DE,26.27,0,0,7.6,0,0,0,0,0,116.47,27.53,18.58,23.42
2026-03-16,DE,23.83,10,0,2.5,0,0,0,1,0,0.0,10.53,12.76,31.17
2026-03-23,DE,26.16,0,0,3.7,0,0,0,1,0,0.0,19.11,11.18,21.77
2025-12-29,CH,33.48,0,0,0.4,0,0,0,0,0,0.0,6.06,8.76,3.86
2026-01-05,CH,32.7,0,0,-0.8,0,0,0,0,0,0.0,3.91,2.73,6.39
2026-01-12,CH,33.44,0,0,-1.5,0,0,0,0,0,0.0,5.44,1.81,0.0
2026-01-19,CH,32.93,0,0,-1.7,0,0,0,0,0,0.0,3.64,4.29,2.98
2026-01-26,CH,32.64,0,0,0.0,0,0,0,0,0,0.0,4.67,2.78,4.03
2026-02-02,CH,33.31,0,0,-0.5,0,0,0,0,0,0.0,3.69,2.63,3.84
2026-02-09,CH,29.65,10,1,0.1,0,0,1,0,0,0.0,3.53,2.58,6.72
2026-02-16,CH,33.35,0,0,-0.7,0,0,0,0,0,0.0,7.95,6.37,4.47
2026-02-23,CH,33.33,0,0,1.1,0,0,0,0,0,0.0,4.04,1.9,4.11
2026-03-02,CH,26.63,20,0,5.0,0,0,0,0,0,0.0,2.61,3.96,3.06
2026-03-09,CH,32.64,0,0,4.4,0,0,0,0,0,0.0,2.6,1.99,4.37
2026-03-16,CH,33.3,0,0,3.7,0,0,0,1,0,0.0,6.84,5.17,0.0
2026-03-23,CH,32.97,0,0,8.0,0,0,0,1,0,0.0,4.05,1.65,3.2
