week,sales,price1,price2,price3,price4,feature1,feature2,feature3,feature4,display1,display2,display3,display4,fand1,fand3,fand4,temp,december,easter
1,66.4261,1.50956,1.55994,1.74858,1.27797,0,0,0,0.35,0,0,0,0,0,0,0,2,1,0
2,85.7286,1.50959,1.55817,1.37656,1.35505,0,0,0,0.54,0,0,0.82,0,0,0.47,0,-1,0,0
3,89.5228,1.51006,1.5535,1.40359,1.48891,0,0,0,0.14,0,0,0.85,0,0,0.86,0,3,0,0
4,98.7739,1.50778,1.556,1.47824,1.72715,0.1,0,0.29,0.05,0,0,0,0,0,0,0,2,0,0
5,102.881,1.50698,1.56137,1.58399,1.79702,0.2,0,0.08,0,0,0,0,0,0,0,0,5,0,0
6,105.812,1.50724,1.25618,1.65471,1.88274,0,0,0,0.02,0,0,0,0,0,0,0,3,0,0
7,530.875,1.02682,1.35388,1.70185,1.89248,0.44,0.29,0,0,0,0,0,0,0,0,0,1,0,0
8,134.916,1.41117,1.46938,1.74139,1.94986,0.24,0.03,0,0,0,0,0,0,0,0,0,2,0,0
9,114.876,1.49706,1.53142,1.74613,1.97232,0.08,0.03,0,0.02,0,0,0,0,0,0,0,4,0,0
10,108.825,1.50442,1.54884,1.74682,1.99758,0.02,0,0,0.02,0,0,0,0,0,0,0,7,0,0
11,185.058,1.37781,1.54702,1.74859,2.07235,0.6,0,0,0,0,0,0,0,0,0,0,5,0,0
12,112.913,1.48507,1.5543,1.74829,2.08398,0.19,0,0,0,0,0,0,0,0,0,0,6,0,0
13,97.6789,1.49474,1.56302,1.74843,1.41677,0.05,0.05,0,0,0,0,0,0.33,0,0,0.91,9,0,0
14,84.5657,1.50341,1.56781,1.7478,1.84367,0,0.03,0,0.1,0,0,0,0,0,0,0,8,0,0
15,91.9228,1.51244,1.57188,1.74872,1.95821,0.04,0,0,0.27,0,0,0,0,0,0,0,8,0,0
16,69.5449,1.51443,1.57356,1.74918,2.04682,0.03,0,0,0.09,0,0,0,0,0,0,0,13,0,0
17,75.699,1.51605,1.56732,1.7492,2.08066,0,0,0,0.05,0,0,0,0,0,0,0,12,0,0
18,66.0135,1.51453,1.57268,1.71091,2.11219,0,0,0.13,0,0,0,0,0,0,0,0,10,0,0
19,95.7465,1.51306,1.53227,1.72202,2.11026,0.03,0,0.09,0.08,0,0,0,0,0,0,0,12,0,0
20,89.3203,1.51658,1.56937,1.68676,2.12205,0.04,0,0.28,0.08,0,0,0,0,0,0,0,14,0,0
21,351.32,1.0409,1.57218,1.68111,2.12034,0.25,0,0.17,0,0.27,0,0.24,0.06,0,0,0,15,0,1
22,287.67,1.06728,1.56973,1.58134,2.11287,0.46,0,0.48,0.06,0,0,0.67,0,0,0.46,0,17,0,0
23,107.508,1.48612,1.56786,1.5993,2.06592,0.12,0,0.7,0.05,0,0,0.04,0,0,0.06,0,20,0,0
24,114.558,1.54844,1.56647,1.61921,1.4895,0.01,0,0.56,0.12,0,0,0,0.52,0,0,0.5,18,0,0
25,100.447,1.54503,1.55842,1.65747,1.30208,0.01,0,0.47,0.79,0,0,0,0.03,0,0,0,18,0,0
26,74.898,1.54688,1.56424,1.6793,1.30967,0.02,0,0.39,0.55,0,0,0,0,0,0,0,21,0,0
27,79.4118,1.54821,1.56436,1.681,1.19144,0.02,0,0.15,0.79,0,0,0,0.02,0,0,0,21,0,0
28,68.7304,1.54573,1.56905,1.68163,1.6305,0.01,0,0.16,0.64,0,0,0,0,0,0,0,20,0,0
29,78.9102,1.54531,1.56682,1.69428,1.69056,0,0,0.27,0.56,0,0,0,0,0,0,0,25,0,0
30,83.5166,1.51207,1.57069,1.71036,1.7838,0.05,0,0.2,0.34,0,0,0,0,0,0,0,24,0,0
31,359.07,1.02906,1.57246,1.71085,1.87075,0.72,0.03,0.03,0.37,0,0,0,0,0.04,0,0,23,0,0
32,122.734,1.35353,1.49748,1.72035,1.77298,0.36,0,0.02,0.39,0,0,0,0.02,0,0,0,21,0,0
33,89.8214,1.50552,1.34737,1.72796,1.72011,0.15,0,0,0.2,0,0.53,0,0,0,0,0,22,0,0
34,88.8956,1.53956,1.39333,1.73684,1.8645,0.07,0.35,0,0.26,0,0.02,0,0,0,0,0,19,0,0
35,107.446,1.54056,1.47459,1.73908,1.82093,0,0.1,0,0.06,0,0,0,0,0,0,0,19,0,0
36,103.535,1.54273,1.52188,1.74443,1.71747,0,0.02,0,0.03,0,0,0,0.24,0,0,0.9,17,0,0
37,97.9882,1.54177,1.55047,1.7473,1.87933,0,0.02,0.02,0.47,0,0,0,0,0,0,0.02,17,0,0
38,107.634,1.54367,1.55198,1.74834,1.98116,0,0,0,0.25,0,0,0,0,0,0,0,15,0,0
39,101.947,1.54548,1.56441,1.73975,1.98901,0,0,0,0.11,0,0,0,0,0,0,0,14,0,0
40,100.682,1.53863,1.54834,1.55299,2.01438,0,0,0.38,0.1,0,0,0,0,0,0.03,0,14,0,0
41,94.9923,1.54002,1.55787,1.57291,2.04177,0.07,0,0.61,0.06,0,0,0,0,0,0,0,12,0,0
42,216.85,1.43439,1.55489,1.62306,2.04172,0.42,0,0.57,0.03,0.7,0,0,0,0.53,0,0,10,0,0
43,110.756,1.51966,1.5569,1.64407,2.06239,0.1,0,0.44,0.03,0,0,0,0,0,0,0,10,0,0
44,526.388,1.02641,1.55711,1.67712,2.0636,0.65,0,0.3,0.07,0,0,0,0,0,0,0,9,0,0
45,116.813,1.48709,1.55576,1.66035,2.07845,0.18,0,0.14,0.04,0,0,0,0,0,0,0,7,0,0
46,100.14,1.5302,1.55789,1.5985,1.54458,0.02,0,0.13,0.2,0,0,0,0,0,0,0,8,0,0
47,99.5101,1.53031,1.55633,1.65594,1.55163,0.02,0,0.11,0.2,0,0,0,0,0,0,0,5,0,0
48,97.9943,1.53081,1.55835,1.67716,1.43511,0.03,0,0.04,0.06,0,0,0,0,0,0,0,5,0,0
49,80.6146,1.53056,1.65608,1.69296,1.62706,0.08,0,0.03,0.05,0,0,0,0,0,0,0,3,0,0
50,122.68,1.49257,1.6613,1.72805,1.68658,0.17,0.02,0,0.08,0,0,0,0,0,0,0,2,0,0
51,160.062,1.49267,1.65998,1.73212,1.88723,0.24,0,0.04,0.07,0.87,0,0,0,0.35,0,0,1,0,0
52,60.3598,1.54147,1.66206,1.72701,2.01588,0.23,0,0.02,0,0,0,0,0,0,0,0,0,0,0
53,70.2945,1.53285,1.66274,1.70812,1.59909,0.15,0,0.09,0.45,0,0,0,0,0,0,0,-1,1,0
54,87.0754,1.53475,1.66508,1.72228,1.80677,0.1,0,0.05,0.28,0,0,0,0,0,0,0,-2,0,0
55,78.5255,1.5396,1.66392,1.71499,1.93289,0.5,0,0.04,0.19,0,0,0,0,0,0,0,0,0,0
56,96.3911,1.53205,1.6636,1.45814,1.97735,0,0.05,0.26,0.12,0,0,0.57,0,0,0.34,0,1,0,0
57,94.7476,1.53229,1.66478,1.45373,2.07911,0,0,0.54,0.04,0,0,0,0,0,0,0,2,0,0
58,105.701,1.53104,1.61513,1.49975,2.04508,0,0.04,0.68,0.07,0,0,0,0,0,0,0,2,0,0
59,103.772,1.53015,1.3605,1.60171,2.00611,0,0,0.48,0.01,0,0.62,0,0,0,0,0,3,0,0
60,102.443,1.52889,1.47069,1.66271,1.99987,0,0.2,0.03,0.01,0,0.03,0,0,0,0,0,5,0,0
61,113.163,1.45217,1.55295,1.68472,2.08643,0,0.15,0.1,0.01,0,0,0,0,0,0,0,6,0,0
62,491.345,1.0174,1.60686,1.70583,2.0828,0.65,0.16,0,0,0,0,0,0,0,0,0,7,0,0
63,99.2613,1.459,1.61647,1.71854,2.09162,0.74,0.1,0,0,0,0,0,0,0,0,0,7,0,0
64,101.321,1.44706,1.63061,1.53918,2.09785,0.11,0.06,0.88,0,0,0,0,0,0,0,0,9,0,0
65,87.57,1.52467,1.65752,1.54208,1.87896,0.04,0,0.43,0.15,0,0,0,0,0,0,0,10,0,0
66,87.8353,1.52541,1.66331,1.59405,1.82873,0,0,0.49,0.21,0,0,0,0,0,0,0,12,0,0
67,63.4909,1.52561,1.65617,0.810851,1.96167,0.03,0.02,0.35,0.04,0,0,0,0,0,0,0,13,0,0
68,62.6612,1.52995,1.65913,1.4089,2.07345,0,0,0.19,0,0,0,0,0,0,0,0,11,0,0
